﻿<discussion><forum id="1470" resource_code="frc-disc_sim"><properties><allow_anon>False</allow_anon><display_order>1</display_order><is_hidden>False</is_hidden><requires_approval>False</requires_approval><is_locked>False</is_locked><must_post_to_participate>False</must_post_to_participate><show_description_in_topics>False</show_description_in_topics></properties><content><title>Simulation Discussion Topic</title><description>&lt;p&gt;&lt;span style="font-size: 10pt;"&gt;&lt;strong&gt;If you could be any kind of animal, what would you be and why?&lt;/strong&gt;&lt;/span&gt;&lt;/p&gt;&lt;ul&gt;&lt;li&gt;&lt;span style="font-size: 10pt;"&gt;Click the "Start a New Thread" button and type your answer to the question above; feel free to respond to other's threads when you see them. Feel free to experiment using the editing bar above. You can "Insert Stuff," format text, etc.&lt;/span&gt;&lt;/li&gt;&lt;/ul&gt;&lt;ul&gt;&lt;li&gt;&lt;span style="font-size: 10pt;"&gt;When you have engaged in the discussion, move forward to the next content topic about Assignments by returning to Content (via the Content link in the blue bar above).&lt;/span&gt;&lt;/li&gt;&lt;/ul&gt;</description></content><topics><topic id="1471" resource_code="trc-disc_sim"><properties><allow_anon>False</allow_anon><display_order>1</display_order><is_hidden>False</is_hidden><requires_approval>False</requires_approval><must_post_to_participate>False</must_post_to_participate><is_locked>False</is_locked><is_auto_score>False</is_auto_score><include_nonscored_values>False</include_nonscored_values><rating_type_id>0</rating_type_id></properties><content><title>Simulation Discussion Topic</title></content></topic></topics></forum></discussion>