﻿<dropbox><category name="Class Meeting Uploads" sort_order="1" id="1472"><folder name="Lesson 02: Class Meeting Upload" id="1473" folder_type="2" sort_order="2" out_of="25.000000000" grade_item="grc-drop_cl_02" folder_is_retricted="false" files_per_submission="0" submissions="2" resource_code="drc-drop_cl_02"><date_end>2017-01-11T06:55:00</date_end><date_due>2017-01-11T06:55:00</date_due></folder><folder name="Lesson 03: Class Meeting Upload" id="1474" folder_type="2" sort_order="3" out_of="22.000000000" grade_item="grc-drop_cl_03" folder_is_retricted="false" files_per_submission="0" submissions="2" resource_code="drc-drop_cl_03"><date_end>2017-01-14T06:55:00</date_end><date_due>2017-01-14T06:55:00</date_due></folder><folder name="Lesson 05: Class Meeting Upload" id="1475" folder_type="2" sort_order="5" out_of="17.000000000" grade_item="grc-drop_cl_05" folder_is_retricted="false" files_per_submission="0" submissions="2" resource_code="drc-drop_cl_05"><date_end>2017-01-25T06:55:00</date_end><date_due>2017-01-25T06:55:00</date_due></folder><folder name="Lesson 06: Class Meeting Upload" id="1476" folder_type="2" sort_order="6" out_of="20.000000000" grade_item="grc-drop_cl_06" folder_is_retricted="false" files_per_submission="0" submissions="2" resource_code="drc-drop_cl_06"><date_end>2017-01-28T06:55:00</date_end><date_due>2017-01-28T06:55:00</date_due></folder><folder name="Lesson 07: Class Meeting Upload" id="1477" folder_type="2" sort_order="7" out_of="24.000000000" grade_item="grc-drop_cl_07" folder_is_retricted="false" files_per_submission="0" submissions="2" resource_code="drc-drop_cl_07"><date_end>2017-02-01T06:55:00</date_end><date_due>2017-02-01T06:55:00</date_due></folder><folder name="Lesson 08: Class Meeting Upload" id="1478" folder_type="2" sort_order="8" out_of="18.000000000" grade_item="grc-drop_cl_08" folder_is_retricted="false" files_per_submission="0" submissions="2" resource_code="drc-drop_cl_08"><date_end>2017-02-04T06:55:00</date_end><date_due>2017-02-04T06:55:00</date_due></folder><folder name="Lesson 09: Class Meeting Upload" id="1479" folder_type="2" sort_order="9" out_of="20.000000000" grade_item="grc-drop_cl_09" folder_is_retricted="false" files_per_submission="0" submissions="2" resource_code="drc-drop_cl_09"><date_end>2017-02-08T06:55:00</date_end><date_due>2017-02-08T06:55:00</date_due></folder><folder name="Lesson 10: Class Meeting Upload" id="1480" folder_type="2" sort_order="10" out_of="18.000000000" grade_item="grc-drop_cl_10" folder_is_retricted="false" files_per_submission="0" submissions="2" resource_code="drc-drop_cl_10"><date_end>2017-02-11T06:55:00</date_end><date_due>2017-02-11T06:55:00</date_due></folder><folder name="Lesson 11: Class Meeting Upload" id="1481" folder_type="2" sort_order="11" out_of="21.000000000" grade_item="grc-drop_cl_11" folder_is_retricted="false" files_per_submission="0" submissions="2" resource_code="drc-drop_cl_11"><date_end>2017-02-15T06:55:00</date_end><date_due>2017-02-15T06:55:00</date_due></folder><folder name="Lesson 12: Class Meeting Upload" id="1482" folder_type="2" sort_order="12" out_of="25.000000000" grade_item="grc-drop_cl_12" folder_is_retricted="false" files_per_submission="0" submissions="2" resource_code="drc-drop_cl_12"><date_end>2017-02-18T06:55:00</date_end><date_due>2017-02-18T06:55:00</date_due></folder><folder name="Lesson 13: Class Meeting Upload" id="1483" folder_type="2" sort_order="13" out_of="23.000000000" grade_item="grc-drop_cl_13" folder_is_retricted="false" files_per_submission="0" submissions="2" resource_code="drc-drop_cl_13"><date_end>2017-02-25T06:55:00</date_end><date_due>2017-02-25T06:55:00</date_due></folder><folder name="Lesson 14: Class Meeting Upload" id="1484" folder_type="2" sort_order="14" out_of="25.000000000" grade_item="grc-drop_cl_14" folder_is_retricted="false" files_per_submission="0" submissions="2" resource_code="drc-drop_cl_14"><date_end>2017-03-01T06:55:00</date_end><date_due>2017-03-01T06:55:00</date_due></folder><folder name="Lesson 15: Class Meeting Upload" id="1485" folder_type="2" sort_order="15" out_of="13.000000000" grade_item="grc-drop_cl_15" folder_is_retricted="false" files_per_submission="0" submissions="2" resource_code="drc-drop_cl_15"><date_end>2017-03-04T06:55:00</date_end><date_due>2017-03-04T06:55:00</date_due></folder><folder name="Lesson 16: Class Meeting Upload" id="1486" folder_type="2" sort_order="16" out_of="15.000000000" grade_item="grc-drop_cl_16" folder_is_retricted="false" files_per_submission="0" submissions="2" resource_code="drc-drop_cl_16"><date_end>2017-03-08T06:55:00</date_end><date_due>2017-03-08T06:55:00</date_due></folder><folder name="Lesson 17: Class Meeting Upload" id="1487" folder_type="2" sort_order="17" out_of="23.000000000" grade_item="grc-drop_cl_17" folder_is_retricted="false" files_per_submission="0" submissions="2" resource_code="drc-drop_cl_17"><date_end>2017-03-11T06:55:00</date_end><date_due>2017-03-11T06:55:00</date_due></folder><folder name="Lesson 18: Class Meeting Upload" id="1488" folder_type="2" sort_order="18" out_of="27.000000000" grade_item="grc-drop_cl_18" folder_is_retricted="false" files_per_submission="0" submissions="2" resource_code="drc-drop_cl_18"><date_end>2017-03-15T05:55:00</date_end><date_due>2017-03-15T05:55:00</date_due></folder><folder name="Lesson 19: Class Meeting Upload" id="1489" folder_type="2" sort_order="19" out_of="18.000000000" grade_item="grc-drop_cl_19" folder_is_retricted="false" files_per_submission="0" submissions="2" resource_code="drc-drop_cl_19"><date_end>2017-03-18T05:55:00</date_end><date_due>2017-03-18T05:55:00</date_due></folder><folder name="Lesson 20: Class Meeting Upload" id="1490" folder_type="2" sort_order="20" out_of="26.000000000" grade_item="grc-drop_cl_20" folder_is_retricted="false" files_per_submission="0" submissions="2" resource_code="drc-drop_cl_20"><date_end>2017-03-22T05:55:00</date_end><date_due>2017-03-22T05:55:00</date_due></folder><folder name="Lesson 22: Class Meeting Upload" id="1491" folder_type="2" sort_order="22" out_of="18.000000000" grade_item="grc-drop_cl_22" folder_is_retricted="false" files_per_submission="0" submissions="2" resource_code="drc-drop_cl_22"><date_end>2017-03-29T05:55:00</date_end><date_due>2017-03-29T05:55:00</date_due></folder><folder name="Lesson 23: Class Meeting Upload" id="1492" folder_type="2" sort_order="23" out_of="22.000000000" grade_item="grc-drop_cl_23" folder_is_retricted="false" files_per_submission="0" submissions="2" resource_code="drc-drop_cl_23"><date_end>2017-04-01T05:55:00</date_end><date_due>2017-04-01T05:55:00</date_due></folder><folder name="Lesson 24: Class Meeting Upload" id="1493" folder_type="2" sort_order="24" out_of="22.000000000" grade_item="grc-drop_cl_24" folder_is_retricted="false" files_per_submission="0" submissions="2" resource_code="drc-drop_cl_24"><date_end>2017-04-05T05:55:00</date_end><date_due>2017-04-05T05:55:00</date_due></folder></category><category name="Final Project Uploads" sort_order="2" id="1494"><folder name="Design the Study - Draft Upload" id="1495" folder_type="2" sort_order="25" out_of="10.000000000" grade_item="grc-drop_dts" folder_is_retricted="false" files_per_submission="0" submissions="2" resource_code="drc-drop_dts"><date_end>2017-01-22T06:55:00</date_end></folder><folder name="Design the Study - Final" id="1496" folder_type="2" sort_order="26" out_of="20.000000000" grade_item="grc-drop_ctd" folder_is_retricted="false" files_per_submission="0" submissions="2" resource_code="drc-drop_ctd"><instructions text_type="text/html"><text>&lt;div style="color: #9d9dbd;"&gt;&lt;span style="font-family: verdana, geneva; font-size: 12pt; color: #000000;"&gt;&lt;span style="font-family: verdana,geneva; font-size: 12pt;"&gt;1)Create a final copy of the Design based on the assignment you did in&amp;nbsp;&lt;a rel="noopener" href="/d2l/common/dialogs/quickLink/quickLink.d2l?ou={orgUnitId}&amp;amp;type=content&amp;amp;rcode=crc-file_dts" target="_blank"&gt;Design the Study - Draft&lt;/a&gt;.&amp;nbsp; Please review the feedback that was given to you by me and follow the instructions on the last comment on the feedback.&lt;/span&gt;&lt;/span&gt;&lt;/div&gt;
&lt;p&gt;&lt;span style="font-family: verdana, geneva; font-size: 12pt; color: #000000;"&gt;&lt;span style="font-family: verdana,geneva; font-size: 12pt;"&gt;&lt;/span&gt;&lt;span style="font-family: verdana,geneva; font-size: 12pt;"&gt;&lt;/span&gt;&lt;span style="font-family: verdana, geneva; font-size: 12pt;"&gt;2) In the end, you need to submit a&amp;nbsp;&lt;strong&gt;hard copy of the final draft to me by February 24&lt;/strong&gt;. &amp;nbsp;I will expect you to follow the instructions exactly. &amp;nbsp;The main thing is to refer to the feedback I gave you in the&amp;nbsp;&lt;a rel="noopener" href="https://byui.brightspace.com/d2l/common/dialogs/quickLink/quickLink.d2l?ou={orgUnitId}&amp;amp;type=content&amp;amp;rcode=crc-file_dts" target="_self"&gt;Design the Study - Draft&lt;/a&gt;&amp;nbsp;assignment.&lt;/span&gt;&lt;/span&gt;&lt;/p&gt;</text></instructions><date_end>2017-02-25T06:55:00</date_end></folder><folder name="Collect and Describe the Data Upload" id="1497" folder_type="2" sort_order="27" out_of="20.000000000" grade_item="grc-drop_dtd" folder_is_retricted="false" files_per_submission="0" submissions="2" resource_code="drc-drop_dtd"><date_end>2017-03-19T05:55:00</date_end></folder><folder name="Putting It Together Draft Upload" id="1498" folder_type="2" sort_order="28" out_of="30.000000000" grade_item="grc-drop_miata" folder_is_retricted="false" files_per_submission="0" submissions="2" resource_code="drc-drop_miata"><date_end>2017-03-26T05:55:00</date_end></folder><folder name="Putting It Together Final Upload" id="1499" folder_type="2" sort_order="29" out_of="150.000000000" grade_item="grc-drop_ppp" folder_is_retricted="false" files_per_submission="0" submissions="2" resource_code="drc-drop_ppp"><date_end>2017-04-02T05:55:00</date_end></folder><folder name="Team Evaluation Upload" id="1500" folder_type="2" sort_order="30" out_of="20.000000000" grade_item="grc-drop_teval" folder_is_retricted="false" files_per_submission="0" submissions="2" resource_code="drc-drop_teval"><date_end>2017-04-02T05:55:00</date_end></folder></category><category name="Homework Uploads" sort_order="3" id="1501"><folder name="Lesson 01: Homework Upload" id="1502" folder_type="2" sort_order="31" out_of="10.000000000" grade_item="grc-drop_hw_01" folder_is_retricted="false" files_per_submission="0" submissions="2" resource_code="drc-drop_hw_01"><date_end>2017-01-13T06:55:00</date_end><date_due>2017-01-07T06:55:00</date_due></folder></category><category name="Simulation" sort_order="4" id="1503"><folder name="Assignment Simulation" id="1504" folder_type="2" sort_order="32" folder_is_retricted="false" files_per_submission="0" submissions="2" resource_code="drc-drop_sim"><instructions text_type="text/html"><text>&lt;p&gt;&lt;span style="font-size: 10pt;"&gt;&lt;span style="font-size: 10pt;"&gt;&lt;strong&gt;If you found yourself stranded on a desert island and could only have three items magically provided to you, what would they be and why?&lt;/strong&gt;&lt;/span&gt;&lt;/span&gt;&lt;/p&gt;&lt;p&gt;&lt;span style="font-size: 10pt;"&gt;1. Open a MS Word document on your desktop and answer the above question. &lt;/span&gt;&lt;/p&gt;&lt;p&gt;&lt;span style="font-size: 10pt;"&gt;2. Save the MS Word document to your desktop.&lt;/span&gt;&lt;/p&gt;&lt;p&gt;&lt;span style="font-size: 10pt;"&gt;3. Upload the saved document to the assignment&amp;nbsp;(feel free to add additional written comments in the HTML editor or add an audio component)&lt;br /&gt;&lt;/span&gt;&lt;/p&gt;&lt;p&gt;&lt;span style="font-size: 10pt;"&gt;4. When you have submitted&amp;nbsp;the assignment please move to the next phase of your simulation in the content tool.&lt;/span&gt;&lt;/p&gt;&lt;p&gt;&lt;span style="font-size: 10pt;"&gt;5. Please return to the tour&amp;nbsp;by clicking&amp;nbsp;Content in the blue&amp;nbsp;navigation bar above.&lt;/span&gt;&lt;/p&gt;</text></instructions></folder></category></dropbox>