﻿<grades><schemes><scheme identifier="381" name="BYUI-Standard" short_name="" is_valid="true"><range percent_start="0" assigned_value="0.000000000" symbol="F" color_id="1" /><range percent_start="60" assigned_value="60.000000000" symbol="D-" color_id="1" /><range percent_start="63" assigned_value="63.000000000" symbol="D" color_id="1" /><range percent_start="67" assigned_value="67.000000000" symbol="D+" color_id="1" /><range percent_start="70" assigned_value="70.000000000" symbol="C-" color_id="1" /><range percent_start="73" assigned_value="73.000000000" symbol="C" color_id="1" /><range percent_start="77" assigned_value="77.000000000" symbol="C+" color_id="1" /><range percent_start="80" assigned_value="80.000000000" symbol="B-" color_id="1" /><range percent_start="83" assigned_value="83.000000000" symbol="B" color_id="1" /><range percent_start="87" assigned_value="87.000000000" symbol="B+" color_id="1" /><range percent_start="90" assigned_value="90.000000000" symbol="A-" color_id="1" /><range percent_start="93" assigned_value="93.000000000" symbol="A" color_id="1" /></scheme><scheme identifier="397" name="BYUI-Standard" short_name="" is_valid="true"><range percent_start="0" assigned_value="0.000000000" symbol="F" color_id="1" /><range percent_start="60" assigned_value="60.000000000" symbol="D-" color_id="1" /><range percent_start="63" assigned_value="63.000000000" symbol="D" color_id="1" /><range percent_start="67" assigned_value="67.000000000" symbol="D+" color_id="1" /><range percent_start="70" assigned_value="70.000000000" symbol="C-" color_id="1" /><range percent_start="73" assigned_value="73.000000000" symbol="C" color_id="1" /><range percent_start="77" assigned_value="77.000000000" symbol="C+" color_id="1" /><range percent_start="80" assigned_value="80.000000000" symbol="B-" color_id="1" /><range percent_start="83" assigned_value="83.000000000" symbol="B" color_id="1" /><range percent_start="87" assigned_value="87.000000000" symbol="B+" color_id="1" /><range percent_start="90" assigned_value="90.000000000" symbol="A-" color_id="1" /><range percent_start="93" assigned_value="93.000000000" symbol="A" color_id="1" /></scheme><scheme identifier="27851" name="BroCro" short_name="BC" is_valid="true"><range percent_start="0" assigned_value="0.000000000" symbol="F" color_id="1" /><range percent_start="59.45" assigned_value="59.450000000" symbol="D-" color_id="1" /><range percent_start="62.45" assigned_value="62.450000000" symbol="D" color_id="1" /><range percent_start="66.45" assigned_value="66.450000000" symbol="D+" color_id="1" /><range percent_start="69.45" assigned_value="69.450000000" symbol="C-" color_id="1" /><range percent_start="72.45" assigned_value="72.450000000" symbol="C" color_id="1" /><range percent_start="76.45" assigned_value="76.450000000" symbol="C+" color_id="1" /><range percent_start="79.45" assigned_value="79.450000000" symbol="B-" color_id="1" /><range percent_start="82.45" assigned_value="82.450000000" symbol="B" color_id="1" /><range percent_start="86.45" assigned_value="86.450000000" symbol="B+" color_id="1" /><range percent_start="89.45" assigned_value="89.450000000" symbol="A-" color_id="1" /><range percent_start="93.45" assigned_value="93.450000000" symbol="A" color_id="1" /></scheme></schemes><configuration><auto_update_final_grade>1</auto_update_final_grade><grading_system>1</grading_system><include_empty_grades_in_final>false</include_empty_grades_in_final><default_scheme>27851</default_scheme><show_user_name>0</show_user_name><show_user_email>0</show_user_email></configuration><categories><category id="1506" identifier="1151885"><name>Exams</name><short_name>E</short_name><sort_order>1</sort_order><show_average>false</show_average><show_distribution>false</show_distribution><description text_type="text/html" is_displayed="false" /><is_active>true</is_active><scoring><weight>60</weight><can_exceed_weight>false</can_exceed_weight><WeightDistributionType>2</WeightDistributionType><is_auto_pointed>false</is_auto_pointed><high_non_bonus_drop>0</high_non_bonus_drop><low_non_bonus_drop>0</low_non_bonus_drop><max_item_points>0</max_item_points></scoring></category><category id="1507" identifier="1151886"><name>Homework</name><short_name>HW</short_name><sort_order>6</sort_order><show_average>false</show_average><show_distribution>false</show_distribution><description text_type="text/html" is_displayed="false" /><is_active>true</is_active><scoring><weight>20</weight><can_exceed_weight>false</can_exceed_weight><WeightDistributionType>2</WeightDistributionType><is_auto_pointed>false</is_auto_pointed><high_non_bonus_drop>0</high_non_bonus_drop><low_non_bonus_drop>0</low_non_bonus_drop><max_item_points>0</max_item_points></scoring></category><category id="1508" identifier="1151887"><name>Preparation</name><short_name>PR</short_name><sort_order>53</sort_order><show_average>false</show_average><show_distribution>false</show_distribution><description text_type="text/html" is_displayed="false" /><is_active>true</is_active><scoring><weight>10</weight><can_exceed_weight>false</can_exceed_weight><WeightDistributionType>2</WeightDistributionType><is_auto_pointed>false</is_auto_pointed><high_non_bonus_drop>0</high_non_bonus_drop><low_non_bonus_drop>0</low_non_bonus_drop><max_item_points>0</max_item_points></scoring></category><category id="1509" identifier="1151888"><name>Final Project</name><short_name>FP</short_name><sort_order>77</sort_order><show_average>false</show_average><show_distribution>false</show_distribution><description text_type="text/html" is_displayed="false" /><is_active>true</is_active><scoring><weight>10</weight><can_exceed_weight>false</can_exceed_weight><WeightDistributionType>2</WeightDistributionType><is_auto_pointed>false</is_auto_pointed><high_non_bonus_drop>0</high_non_bonus_drop><low_non_bonus_drop>0</low_non_bonus_drop><max_item_points>0</max_item_points></scoring></category></categories><items><item id="1510" identifier="1151914" resource_code="grc-quiz_ex_01"><category_id>1151885</category_id><name>The Unit I Exam</name><short_name>E1</short_name><sort_order>2</sort_order><show_average>false</show_average><show_distribution>false</show_distribution><description text_type="text/html" is_displayed="false" /><type_id>1</type_id><is_active>true</is_active><scoring><can_exceed_weight>false</can_exceed_weight><out_of>100</out_of><is_bonus>false</is_bonus><max_grade>23.80952381</max_grade><exclude_from_final_grade_calc>false</exclude_from_final_grade_calc><is_milestone_grade>false</is_milestone_grade></scoring></item><item id="1511" identifier="1151935" resource_code="grc-quiz_ex_02"><category_id>1151885</category_id><name>The Unit II Exam</name><short_name>E2</short_name><sort_order>3</sort_order><show_average>false</show_average><show_distribution>false</show_distribution><description text_type="text/html" is_displayed="false" /><type_id>1</type_id><is_active>true</is_active><scoring><can_exceed_weight>false</can_exceed_weight><out_of>100</out_of><is_bonus>false</is_bonus><max_grade>23.80952381</max_grade><exclude_from_final_grade_calc>false</exclude_from_final_grade_calc><is_milestone_grade>false</is_milestone_grade></scoring></item><item id="1512" identifier="1151950" resource_code="grc-quiz_ex_03"><category_id>1151885</category_id><name>The Unit III Exam</name><short_name>E3</short_name><sort_order>4</sort_order><show_average>false</show_average><show_distribution>false</show_distribution><description text_type="text/html" is_displayed="false" /><type_id>1</type_id><is_active>true</is_active><scoring><can_exceed_weight>false</can_exceed_weight><out_of>100</out_of><is_bonus>false</is_bonus><max_grade>23.80952381</max_grade><exclude_from_final_grade_calc>false</exclude_from_final_grade_calc><is_milestone_grade>false</is_milestone_grade></scoring></item><item id="1513" identifier="1151962" resource_code="grc-quiz_ex_04"><category_id>1151885</category_id><name>The Unit IV Exam</name><short_name>E4</short_name><sort_order>5</sort_order><show_average>false</show_average><show_distribution>false</show_distribution><description text_type="text/html" is_displayed="false" /><type_id>1</type_id><is_active>true</is_active><scoring><can_exceed_weight>false</can_exceed_weight><out_of>120</out_of><is_bonus>false</is_bonus><max_grade>28.571428571</max_grade><exclude_from_final_grade_calc>false</exclude_from_final_grade_calc><is_milestone_grade>false</is_milestone_grade></scoring></item><item id="1514" identifier="1151890" resource_code="grc-drop_hw_01"><category_id>1151886</category_id><name>Lesson 01: Homework Upload</name><short_name>L01HU</short_name><sort_order>7</sort_order><show_average>false</show_average><show_distribution>false</show_distribution><description text_type="text/html" is_displayed="false" /><type_id>1</type_id><is_active>true</is_active><scoring><can_exceed_weight>false</can_exceed_weight><out_of>5</out_of><is_bonus>false</is_bonus><max_grade>1.515151515</max_grade><exclude_from_final_grade_calc>false</exclude_from_final_grade_calc><is_milestone_grade>false</is_milestone_grade></scoring></item><item id="1515" identifier="1151891" resource_code="grc-quiz_hw_01"><category_id>1151886</category_id><name>Lesson 01: Homework Quiz</name><short_name>L01HQ</short_name><sort_order>8</sort_order><show_average>false</show_average><show_distribution>false</show_distribution><description text_type="text/html" is_displayed="false" /><type_id>1</type_id><is_active>true</is_active><scoring><can_exceed_weight>false</can_exceed_weight><out_of>10</out_of><is_bonus>false</is_bonus><max_grade>3.03030303</max_grade><exclude_from_final_grade_calc>false</exclude_from_final_grade_calc><is_milestone_grade>false</is_milestone_grade></scoring></item><item id="1516" identifier="1151892" resource_code="grc-quiz_cs_01"><category_id>1151886</category_id><name>Course Survey: Start of Semester</name><short_name>CS1</short_name><sort_order>9</sort_order><show_average>false</show_average><show_distribution>false</show_distribution><description text_type="text/html" is_displayed="false" /><type_id>1</type_id><is_active>true</is_active><scoring><can_exceed_weight>false</can_exceed_weight><out_of>5</out_of><is_bonus>false</is_bonus><max_grade>1.515151515</max_grade><exclude_from_final_grade_calc>false</exclude_from_final_grade_calc><is_milestone_grade>false</is_milestone_grade></scoring></item><item id="1517" identifier="1151893" resource_code="grc-quiz_ks_01"><category_id>1151886</category_id><name>Knowlege Survey: Start of Semester</name><short_name>KS1</short_name><sort_order>10</sort_order><show_average>false</show_average><show_distribution>false</show_distribution><description text_type="text/html" is_displayed="false" /><type_id>1</type_id><is_active>true</is_active><scoring><can_exceed_weight>false</can_exceed_weight><out_of>5</out_of><is_bonus>false</is_bonus><max_grade>1.515151515</max_grade><exclude_from_final_grade_calc>false</exclude_from_final_grade_calc><is_milestone_grade>false</is_milestone_grade></scoring></item><item id="1518" identifier="1151895" resource_code="grc-drop_cl_02"><category_id>1151886</category_id><name>Lesson 02: Class Meeting Upload</name><short_name>L02CU</short_name><sort_order>11</sort_order><show_average>false</show_average><show_distribution>false</show_distribution><description text_type="text/html" is_displayed="false" /><type_id>1</type_id><is_active>true</is_active><scoring><can_exceed_weight>false</can_exceed_weight><out_of>5</out_of><is_bonus>false</is_bonus><max_grade>1.515151515</max_grade><exclude_from_final_grade_calc>false</exclude_from_final_grade_calc><is_milestone_grade>false</is_milestone_grade></scoring></item><item id="1519" identifier="1151896" resource_code="grc-quiz_hw_02"><category_id>1151886</category_id><name>Lesson 02: Homework Quiz</name><short_name>L02HQ</short_name><sort_order>12</sort_order><show_average>false</show_average><show_distribution>false</show_distribution><description text_type="text/html" is_displayed="false" /><type_id>1</type_id><is_active>true</is_active><scoring><can_exceed_weight>false</can_exceed_weight><out_of>10</out_of><is_bonus>false</is_bonus><max_grade>3.03030303</max_grade><exclude_from_final_grade_calc>false</exclude_from_final_grade_calc><is_milestone_grade>false</is_milestone_grade></scoring></item><item id="1520" identifier="1151898" resource_code="grc-drop_cl_03"><category_id>1151886</category_id><name>Lesson 03: Class Meeting Upload</name><short_name>L03CU</short_name><sort_order>13</sort_order><show_average>false</show_average><show_distribution>false</show_distribution><description text_type="text/html" is_displayed="false" /><type_id>1</type_id><is_active>true</is_active><scoring><can_exceed_weight>false</can_exceed_weight><out_of>5</out_of><is_bonus>false</is_bonus><max_grade>1.515151515</max_grade><exclude_from_final_grade_calc>false</exclude_from_final_grade_calc><is_milestone_grade>false</is_milestone_grade></scoring></item><item id="1521" identifier="1151899" resource_code="grc-quiz_hw_03"><category_id>1151886</category_id><name>Lesson 03: Homework Quiz</name><short_name>L03HQ</short_name><sort_order>14</sort_order><show_average>false</show_average><show_distribution>false</show_distribution><description text_type="text/html" is_displayed="false" /><type_id>1</type_id><is_active>true</is_active><scoring><can_exceed_weight>false</can_exceed_weight><out_of>10</out_of><is_bonus>false</is_bonus><max_grade>3.03030303</max_grade><exclude_from_final_grade_calc>false</exclude_from_final_grade_calc><is_milestone_grade>false</is_milestone_grade></scoring></item><item id="1522" identifier="1151902" resource_code="grc-quiz_hw_04"><category_id>1151886</category_id><name>Lesson 04: Homework Quiz</name><short_name>L04HQ</short_name><sort_order>15</sort_order><show_average>false</show_average><show_distribution>false</show_distribution><description text_type="text/html" is_displayed="false" /><type_id>1</type_id><is_active>true</is_active><scoring><can_exceed_weight>false</can_exceed_weight><out_of>10</out_of><is_bonus>false</is_bonus><max_grade>3.03030303</max_grade><exclude_from_final_grade_calc>false</exclude_from_final_grade_calc><is_milestone_grade>false</is_milestone_grade></scoring></item><item id="1523" identifier="1151904" resource_code="grc-drop_cl_05"><category_id>1151886</category_id><name>Lesson 05: Class Meeting Upload</name><short_name>L05CU</short_name><sort_order>16</sort_order><show_average>false</show_average><show_distribution>false</show_distribution><description text_type="text/html" is_displayed="false" /><type_id>1</type_id><is_active>true</is_active><scoring><can_exceed_weight>false</can_exceed_weight><out_of>5</out_of><is_bonus>false</is_bonus><max_grade>1.515151515</max_grade><exclude_from_final_grade_calc>false</exclude_from_final_grade_calc><is_milestone_grade>false</is_milestone_grade></scoring></item><item id="1524" identifier="1151905" resource_code="grc-quiz_hw_05"><category_id>1151886</category_id><name>Lesson 05: Homework Quiz</name><short_name>L05HQ</short_name><sort_order>17</sort_order><show_average>false</show_average><show_distribution>false</show_distribution><description text_type="text/html" is_displayed="false" /><type_id>1</type_id><is_active>true</is_active><scoring><can_exceed_weight>false</can_exceed_weight><out_of>10</out_of><is_bonus>false</is_bonus><max_grade>3.03030303</max_grade><exclude_from_final_grade_calc>false</exclude_from_final_grade_calc><is_milestone_grade>false</is_milestone_grade></scoring></item><item id="1525" identifier="1151907" resource_code="grc-drop_cl_06"><category_id>1151886</category_id><name>Lesson 06: Class Meeting Upload</name><short_name>L06CU</short_name><sort_order>18</sort_order><show_average>false</show_average><show_distribution>false</show_distribution><description text_type="text/html" is_displayed="false" /><type_id>1</type_id><is_active>true</is_active><scoring><can_exceed_weight>false</can_exceed_weight><out_of>5</out_of><is_bonus>false</is_bonus><max_grade>1.515151515</max_grade><exclude_from_final_grade_calc>false</exclude_from_final_grade_calc><is_milestone_grade>false</is_milestone_grade></scoring></item><item id="1526" identifier="1151908" resource_code="grc-quiz_hw_06"><category_id>1151886</category_id><name>Lesson 06: Homework Quiz</name><short_name>L06HQ</short_name><sort_order>19</sort_order><show_average>false</show_average><show_distribution>false</show_distribution><description text_type="text/html" is_displayed="false" /><type_id>1</type_id><is_active>true</is_active><scoring><can_exceed_weight>false</can_exceed_weight><out_of>10</out_of><is_bonus>false</is_bonus><max_grade>3.03030303</max_grade><exclude_from_final_grade_calc>false</exclude_from_final_grade_calc><is_milestone_grade>false</is_milestone_grade></scoring></item><item id="1527" identifier="1151910" resource_code="grc-drop_cl_07"><category_id>1151886</category_id><name>Lesson 07: Class Meeting Upload</name><short_name>L07CU</short_name><sort_order>20</sort_order><show_average>false</show_average><show_distribution>false</show_distribution><description text_type="text/html" is_displayed="false" /><type_id>1</type_id><is_active>true</is_active><scoring><can_exceed_weight>false</can_exceed_weight><out_of>5</out_of><is_bonus>false</is_bonus><max_grade>1.515151515</max_grade><exclude_from_final_grade_calc>false</exclude_from_final_grade_calc><is_milestone_grade>false</is_milestone_grade></scoring></item><item id="1528" identifier="1151911" resource_code="grc-quiz_hw_07"><category_id>1151886</category_id><name>Lesson 07: Homework Quiz</name><short_name>L07HQ</short_name><sort_order>21</sort_order><show_average>false</show_average><show_distribution>false</show_distribution><description text_type="text/html" is_displayed="false" /><type_id>1</type_id><is_active>true</is_active><scoring><can_exceed_weight>false</can_exceed_weight><out_of>10</out_of><is_bonus>false</is_bonus><max_grade>3.03030303</max_grade><exclude_from_final_grade_calc>false</exclude_from_final_grade_calc><is_milestone_grade>false</is_milestone_grade></scoring></item><item id="1529" identifier="1151913" resource_code="grc-drop_cl_08"><category_id>1151886</category_id><name>Lesson 08: Class Meeting Upload</name><short_name>L08CU</short_name><sort_order>22</sort_order><show_average>false</show_average><show_distribution>false</show_distribution><description text_type="text/html" is_displayed="false" /><type_id>1</type_id><is_active>true</is_active><scoring><can_exceed_weight>false</can_exceed_weight><out_of>5</out_of><is_bonus>false</is_bonus><max_grade>1.515151515</max_grade><exclude_from_final_grade_calc>false</exclude_from_final_grade_calc><is_milestone_grade>false</is_milestone_grade></scoring></item><item id="1530" identifier="1151916" resource_code="grc-drop_cl_09"><category_id>1151886</category_id><name>Lesson 09: Class Meeting Upload</name><short_name>L09CU</short_name><sort_order>23</sort_order><show_average>false</show_average><show_distribution>false</show_distribution><description text_type="text/html" is_displayed="false" /><type_id>1</type_id><is_active>true</is_active><scoring><can_exceed_weight>false</can_exceed_weight><out_of>5</out_of><is_bonus>false</is_bonus><max_grade>1.515151515</max_grade><exclude_from_final_grade_calc>false</exclude_from_final_grade_calc><is_milestone_grade>false</is_milestone_grade></scoring></item><item id="1531" identifier="1151917" resource_code="grc-quiz_hw_09"><category_id>1151886</category_id><name>Lesson 09: Homework Quiz</name><short_name>L09HQ</short_name><sort_order>24</sort_order><show_average>false</show_average><show_distribution>false</show_distribution><description text_type="text/html" is_displayed="false" /><type_id>1</type_id><is_active>true</is_active><scoring><can_exceed_weight>false</can_exceed_weight><out_of>10</out_of><is_bonus>false</is_bonus><max_grade>3.03030303</max_grade><exclude_from_final_grade_calc>false</exclude_from_final_grade_calc><is_milestone_grade>false</is_milestone_grade></scoring></item><item id="1532" identifier="1151919" resource_code="grc-drop_cl_10"><category_id>1151886</category_id><name>Lesson 10: Class Meeting Upload</name><short_name>L10CU</short_name><sort_order>25</sort_order><show_average>false</show_average><show_distribution>false</show_distribution><description text_type="text/html" is_displayed="false" /><type_id>1</type_id><is_active>true</is_active><scoring><can_exceed_weight>false</can_exceed_weight><out_of>5</out_of><is_bonus>false</is_bonus><max_grade>1.515151515</max_grade><exclude_from_final_grade_calc>false</exclude_from_final_grade_calc><is_milestone_grade>false</is_milestone_grade></scoring></item><item id="1533" identifier="1151920" resource_code="grc-quiz_hw_10"><category_id>1151886</category_id><name>Lesson 10: Homework Quiz</name><short_name>L10HQ</short_name><sort_order>26</sort_order><show_average>false</show_average><show_distribution>false</show_distribution><description text_type="text/html" is_displayed="false" /><type_id>1</type_id><is_active>true</is_active><scoring><can_exceed_weight>false</can_exceed_weight><out_of>10</out_of><is_bonus>false</is_bonus><max_grade>3.03030303</max_grade><exclude_from_final_grade_calc>false</exclude_from_final_grade_calc><is_milestone_grade>false</is_milestone_grade></scoring></item><item id="1534" identifier="1151922" resource_code="grc-drop_cl_11"><category_id>1151886</category_id><name>Lesson 11: Class Meeting Upload</name><short_name>L11CU</short_name><sort_order>27</sort_order><show_average>false</show_average><show_distribution>false</show_distribution><description text_type="text/html" is_displayed="false" /><type_id>1</type_id><is_active>true</is_active><scoring><can_exceed_weight>false</can_exceed_weight><out_of>5</out_of><is_bonus>false</is_bonus><max_grade>1.515151515</max_grade><exclude_from_final_grade_calc>false</exclude_from_final_grade_calc><is_milestone_grade>false</is_milestone_grade></scoring></item><item id="1535" identifier="1151923" resource_code="grc-quiz_hw_11"><category_id>1151886</category_id><name>Lesson 11: Homework Quiz</name><short_name>L11HQ</short_name><sort_order>28</sort_order><show_average>false</show_average><show_distribution>false</show_distribution><description text_type="text/html" is_displayed="false" /><type_id>1</type_id><is_active>true</is_active><scoring><can_exceed_weight>false</can_exceed_weight><out_of>10</out_of><is_bonus>false</is_bonus><max_grade>3.03030303</max_grade><exclude_from_final_grade_calc>false</exclude_from_final_grade_calc><is_milestone_grade>false</is_milestone_grade></scoring></item><item id="1536" identifier="1151925" resource_code="grc-drop_cl_12"><category_id>1151886</category_id><name>Lesson 12: Class Meeting Upload</name><short_name>L12CU</short_name><sort_order>29</sort_order><show_average>false</show_average><show_distribution>false</show_distribution><description text_type="text/html" is_displayed="false" /><type_id>1</type_id><is_active>true</is_active><scoring><can_exceed_weight>false</can_exceed_weight><out_of>5</out_of><is_bonus>false</is_bonus><max_grade>1.515151515</max_grade><exclude_from_final_grade_calc>false</exclude_from_final_grade_calc><is_milestone_grade>false</is_milestone_grade></scoring></item><item id="1537" identifier="1151926" resource_code="grc-quiz_hw_12"><category_id>1151886</category_id><name>Lesson 12: Homework Quiz</name><short_name>L12HQ</short_name><sort_order>30</sort_order><show_average>false</show_average><show_distribution>false</show_distribution><description text_type="text/html" is_displayed="false" /><type_id>1</type_id><is_active>true</is_active><scoring><can_exceed_weight>false</can_exceed_weight><out_of>10</out_of><is_bonus>false</is_bonus><max_grade>3.03030303</max_grade><exclude_from_final_grade_calc>false</exclude_from_final_grade_calc><is_milestone_grade>false</is_milestone_grade></scoring></item><item id="1538" identifier="1151928" resource_code="grc-drop_cl_13"><category_id>1151886</category_id><name>Lesson 13: Class Meeting Upload</name><short_name>L13CU</short_name><sort_order>31</sort_order><show_average>false</show_average><show_distribution>false</show_distribution><description text_type="text/html" is_displayed="false" /><type_id>1</type_id><is_active>true</is_active><scoring><can_exceed_weight>false</can_exceed_weight><out_of>5</out_of><is_bonus>false</is_bonus><max_grade>1.515151515</max_grade><exclude_from_final_grade_calc>false</exclude_from_final_grade_calc><is_milestone_grade>false</is_milestone_grade></scoring></item><item id="1539" identifier="1151929" resource_code="grc-quiz_hw_13"><category_id>1151886</category_id><name>Lesson 13: Homework Quiz</name><short_name>L13HQ</short_name><sort_order>32</sort_order><show_average>false</show_average><show_distribution>false</show_distribution><description text_type="text/html" is_displayed="false" /><type_id>1</type_id><is_active>true</is_active><scoring><can_exceed_weight>false</can_exceed_weight><out_of>10</out_of><is_bonus>false</is_bonus><max_grade>3.03030303</max_grade><exclude_from_final_grade_calc>false</exclude_from_final_grade_calc><is_milestone_grade>false</is_milestone_grade></scoring></item><item id="1540" identifier="1151931" resource_code="grc-drop_cl_14"><category_id>1151886</category_id><name>Lesson 14: Class Meeting Upload</name><short_name>L14CU</short_name><sort_order>33</sort_order><show_average>false</show_average><show_distribution>false</show_distribution><description text_type="text/html" is_displayed="false" /><type_id>1</type_id><is_active>true</is_active><scoring><can_exceed_weight>false</can_exceed_weight><out_of>5</out_of><is_bonus>false</is_bonus><max_grade>1.515151515</max_grade><exclude_from_final_grade_calc>false</exclude_from_final_grade_calc><is_milestone_grade>false</is_milestone_grade></scoring></item><item id="1541" identifier="1151932" resource_code="grc-quiz_hw_14"><category_id>1151886</category_id><name>Lesson 14: Homework Quiz</name><short_name>L14HQ</short_name><sort_order>34</sort_order><show_average>false</show_average><show_distribution>false</show_distribution><description text_type="text/html" is_displayed="false" /><type_id>1</type_id><is_active>true</is_active><scoring><can_exceed_weight>false</can_exceed_weight><out_of>10</out_of><is_bonus>false</is_bonus><max_grade>3.03030303</max_grade><exclude_from_final_grade_calc>false</exclude_from_final_grade_calc><is_milestone_grade>false</is_milestone_grade></scoring></item><item id="1542" identifier="1151934" resource_code="grc-drop_cl_15"><category_id>1151886</category_id><name>Lesson 15: Class Meeting Upload</name><short_name>L15CU</short_name><sort_order>35</sort_order><show_average>false</show_average><show_distribution>false</show_distribution><description text_type="text/html" is_displayed="false" /><type_id>1</type_id><is_active>true</is_active><scoring><can_exceed_weight>false</can_exceed_weight><out_of>5</out_of><is_bonus>false</is_bonus><max_grade>1.515151515</max_grade><exclude_from_final_grade_calc>false</exclude_from_final_grade_calc><is_milestone_grade>false</is_milestone_grade></scoring></item><item id="1543" identifier="1151937" resource_code="grc-drop_cl_16"><category_id>1151886</category_id><name>Lesson 16: Class Meeting Upload</name><short_name>L16CU</short_name><sort_order>36</sort_order><show_average>false</show_average><show_distribution>false</show_distribution><description text_type="text/html" is_displayed="false" /><type_id>1</type_id><is_active>true</is_active><scoring><can_exceed_weight>false</can_exceed_weight><out_of>5</out_of><is_bonus>false</is_bonus><max_grade>1.515151515</max_grade><exclude_from_final_grade_calc>false</exclude_from_final_grade_calc><is_milestone_grade>false</is_milestone_grade></scoring></item><item id="1544" identifier="1151938" resource_code="grc-quiz_hw_16"><category_id>1151886</category_id><name>Lesson 16: Homework Quiz</name><short_name>L16HQ</short_name><sort_order>37</sort_order><show_average>false</show_average><show_distribution>false</show_distribution><description text_type="text/html" is_displayed="false" /><type_id>1</type_id><is_active>true</is_active><scoring><can_exceed_weight>false</can_exceed_weight><out_of>10</out_of><is_bonus>false</is_bonus><max_grade>3.03030303</max_grade><exclude_from_final_grade_calc>false</exclude_from_final_grade_calc><is_milestone_grade>false</is_milestone_grade></scoring></item><item id="1545" identifier="1151940" resource_code="grc-drop_cl_17"><category_id>1151886</category_id><name>Lesson 17: Class Meeting Upload</name><short_name>L17CU</short_name><sort_order>38</sort_order><show_average>false</show_average><show_distribution>false</show_distribution><description text_type="text/html" is_displayed="false" /><type_id>1</type_id><is_active>true</is_active><scoring><can_exceed_weight>false</can_exceed_weight><out_of>5</out_of><is_bonus>false</is_bonus><max_grade>1.515151515</max_grade><exclude_from_final_grade_calc>false</exclude_from_final_grade_calc><is_milestone_grade>false</is_milestone_grade></scoring></item><item id="1546" identifier="1151941" resource_code="grc-quiz_hw_17"><category_id>1151886</category_id><name>Lesson 17: Homework Quiz</name><short_name>L17HQ</short_name><sort_order>39</sort_order><show_average>false</show_average><show_distribution>false</show_distribution><description text_type="text/html" is_displayed="false" /><type_id>1</type_id><is_active>true</is_active><scoring><can_exceed_weight>false</can_exceed_weight><out_of>10</out_of><is_bonus>false</is_bonus><max_grade>3.03030303</max_grade><exclude_from_final_grade_calc>false</exclude_from_final_grade_calc><is_milestone_grade>false</is_milestone_grade></scoring></item><item id="1547" identifier="1151943" resource_code="grc-drop_cl_18"><category_id>1151886</category_id><name>Lesson 18: Class Meeting Upload</name><short_name>L18CU</short_name><sort_order>40</sort_order><show_average>false</show_average><show_distribution>false</show_distribution><description text_type="text/html" is_displayed="false" /><type_id>1</type_id><is_active>true</is_active><scoring><can_exceed_weight>false</can_exceed_weight><out_of>5</out_of><is_bonus>false</is_bonus><max_grade>1.515151515</max_grade><exclude_from_final_grade_calc>false</exclude_from_final_grade_calc><is_milestone_grade>false</is_milestone_grade></scoring></item><item id="1548" identifier="1151944" resource_code="grc-quiz_hw_18"><category_id>1151886</category_id><name>Lesson 18: Homework Quiz</name><short_name>L18HQ</short_name><sort_order>41</sort_order><show_average>false</show_average><show_distribution>false</show_distribution><description text_type="text/html" is_displayed="false" /><type_id>1</type_id><is_active>true</is_active><scoring><can_exceed_weight>false</can_exceed_weight><out_of>10</out_of><is_bonus>false</is_bonus><max_grade>3.03030303</max_grade><exclude_from_final_grade_calc>false</exclude_from_final_grade_calc><is_milestone_grade>false</is_milestone_grade></scoring></item><item id="1549" identifier="1151946" resource_code="grc-drop_cl_19"><category_id>1151886</category_id><name>Lesson 19: Class Meeting Upload</name><short_name>L19CU</short_name><sort_order>42</sort_order><show_average>false</show_average><show_distribution>false</show_distribution><description text_type="text/html" is_displayed="false" /><type_id>1</type_id><is_active>true</is_active><scoring><can_exceed_weight>false</can_exceed_weight><out_of>5</out_of><is_bonus>false</is_bonus><max_grade>1.515151515</max_grade><exclude_from_final_grade_calc>false</exclude_from_final_grade_calc><is_milestone_grade>false</is_milestone_grade></scoring></item><item id="1550" identifier="1151947" resource_code="grc-quiz_hw_19"><category_id>1151886</category_id><name>Lesson 19: Homework Quiz</name><short_name>L19HQ</short_name><sort_order>43</sort_order><show_average>false</show_average><show_distribution>false</show_distribution><description text_type="text/html" is_displayed="false" /><type_id>1</type_id><is_active>true</is_active><scoring><can_exceed_weight>false</can_exceed_weight><out_of>10</out_of><is_bonus>false</is_bonus><max_grade>3.03030303</max_grade><exclude_from_final_grade_calc>false</exclude_from_final_grade_calc><is_milestone_grade>false</is_milestone_grade></scoring></item><item id="1551" identifier="1151949" resource_code="grc-drop_cl_20"><category_id>1151886</category_id><name>Lesson 20: Class Meeting Upload</name><short_name>L20CU</short_name><sort_order>44</sort_order><show_average>false</show_average><show_distribution>false</show_distribution><description text_type="text/html" is_displayed="false" /><type_id>1</type_id><is_active>true</is_active><scoring><can_exceed_weight>false</can_exceed_weight><out_of>5</out_of><is_bonus>false</is_bonus><max_grade>1.515151515</max_grade><exclude_from_final_grade_calc>false</exclude_from_final_grade_calc><is_milestone_grade>false</is_milestone_grade></scoring></item><item id="1552" identifier="1151953" resource_code="grc-quiz_hw_21"><category_id>1151886</category_id><name>Lesson 21: Homework Quiz</name><short_name>L21HQ</short_name><sort_order>45</sort_order><show_average>false</show_average><show_distribution>false</show_distribution><description text_type="text/html" is_displayed="false" /><type_id>1</type_id><is_active>true</is_active><scoring><can_exceed_weight>false</can_exceed_weight><out_of>10</out_of><is_bonus>false</is_bonus><max_grade>3.03030303</max_grade><exclude_from_final_grade_calc>false</exclude_from_final_grade_calc><is_milestone_grade>false</is_milestone_grade></scoring></item><item id="1553" identifier="1151955" resource_code="grc-drop_cl_22"><category_id>1151886</category_id><name>Lesson 22: Class Meeting Upload</name><short_name>L22CU</short_name><sort_order>46</sort_order><show_average>false</show_average><show_distribution>false</show_distribution><description text_type="text/html" is_displayed="false" /><type_id>1</type_id><is_active>true</is_active><scoring><can_exceed_weight>false</can_exceed_weight><out_of>5</out_of><is_bonus>false</is_bonus><max_grade>1.515151515</max_grade><exclude_from_final_grade_calc>false</exclude_from_final_grade_calc><is_milestone_grade>false</is_milestone_grade></scoring></item><item id="1554" identifier="1151956" resource_code="grc-quiz_hw_22"><category_id>1151886</category_id><name>Lesson 22: Homework Quiz</name><short_name>L22HQ</short_name><sort_order>47</sort_order><show_average>false</show_average><show_distribution>false</show_distribution><description text_type="text/html" is_displayed="false" /><type_id>1</type_id><is_active>true</is_active><scoring><can_exceed_weight>false</can_exceed_weight><out_of>10</out_of><is_bonus>false</is_bonus><max_grade>3.03030303</max_grade><exclude_from_final_grade_calc>false</exclude_from_final_grade_calc><is_milestone_grade>false</is_milestone_grade></scoring></item><item id="1555" identifier="1151958" resource_code="grc-drop_cl_23"><category_id>1151886</category_id><name>Lesson 23: Class Meeting Upload</name><short_name>L23CU</short_name><sort_order>48</sort_order><show_average>false</show_average><show_distribution>false</show_distribution><description text_type="text/html" is_displayed="false" /><type_id>1</type_id><is_active>true</is_active><scoring><can_exceed_weight>false</can_exceed_weight><out_of>5</out_of><is_bonus>false</is_bonus><max_grade>1.515151515</max_grade><exclude_from_final_grade_calc>false</exclude_from_final_grade_calc><is_milestone_grade>false</is_milestone_grade></scoring></item><item id="1556" identifier="1151959" resource_code="grc-quiz_hw_23"><category_id>1151886</category_id><name>Lesson 23: Homework Quiz</name><short_name>L23HQ</short_name><sort_order>49</sort_order><show_average>false</show_average><show_distribution>false</show_distribution><description text_type="text/html" is_displayed="false" /><type_id>1</type_id><is_active>true</is_active><scoring><can_exceed_weight>false</can_exceed_weight><out_of>10</out_of><is_bonus>false</is_bonus><max_grade>3.03030303</max_grade><exclude_from_final_grade_calc>false</exclude_from_final_grade_calc><is_milestone_grade>false</is_milestone_grade></scoring></item><item id="1557" identifier="1151961" resource_code="grc-drop_cl_24"><category_id>1151886</category_id><name>Lesson 24: Class Meeting Upload</name><short_name>L24CU</short_name><sort_order>50</sort_order><show_average>false</show_average><show_distribution>false</show_distribution><description text_type="text/html" is_displayed="false" /><type_id>1</type_id><is_active>true</is_active><scoring><can_exceed_weight>false</can_exceed_weight><out_of>5</out_of><is_bonus>false</is_bonus><max_grade>1.515151515</max_grade><exclude_from_final_grade_calc>false</exclude_from_final_grade_calc><is_milestone_grade>false</is_milestone_grade></scoring></item><item id="1558" identifier="1151963" resource_code="grc-quiz_cs_02"><category_id>1151886</category_id><name>Course Survey: End of Semester</name><short_name>CS2</short_name><sort_order>51</sort_order><show_average>false</show_average><show_distribution>false</show_distribution><description text_type="text/html" is_displayed="false" /><type_id>1</type_id><is_active>true</is_active><scoring><can_exceed_weight>false</can_exceed_weight><out_of>5</out_of><is_bonus>false</is_bonus><max_grade>1.515151515</max_grade><exclude_from_final_grade_calc>false</exclude_from_final_grade_calc><is_milestone_grade>false</is_milestone_grade></scoring></item><item id="1559" identifier="1151964" resource_code="grc-quiz_ks_02"><category_id>1151886</category_id><name>Knowledge Survey: End of Semester</name><short_name>KS2</short_name><sort_order>52</sort_order><show_average>false</show_average><show_distribution>false</show_distribution><description text_type="text/html" is_displayed="false" /><type_id>1</type_id><is_active>true</is_active><scoring><can_exceed_weight>false</can_exceed_weight><out_of>5</out_of><is_bonus>false</is_bonus><max_grade>1.515151515</max_grade><exclude_from_final_grade_calc>false</exclude_from_final_grade_calc><is_milestone_grade>false</is_milestone_grade></scoring></item><item id="1560" identifier="1151894" resource_code="grc-quiz_gr_02"><category_id>1151887</category_id><name>Lesson 02: Group Meeting Quiz</name><short_name>L02GQ</short_name><sort_order>54</sort_order><show_average>false</show_average><show_distribution>false</show_distribution><description text_type="text/html" is_displayed="false" /><type_id>1</type_id><is_active>true</is_active><scoring><can_exceed_weight>false</can_exceed_weight><out_of>10</out_of><is_bonus>false</is_bonus><max_grade>4.347826087</max_grade><exclude_from_final_grade_calc>false</exclude_from_final_grade_calc><is_milestone_grade>false</is_milestone_grade></scoring></item><item id="1561" identifier="1151897" resource_code="grc-quiz_gr_03"><category_id>1151887</category_id><name>Lesson 03: Group Meeting Quiz</name><short_name>L03GQ</short_name><sort_order>55</sort_order><show_average>false</show_average><show_distribution>false</show_distribution><description text_type="text/html" is_displayed="false" /><type_id>1</type_id><is_active>true</is_active><scoring><can_exceed_weight>false</can_exceed_weight><out_of>10</out_of><is_bonus>false</is_bonus><max_grade>4.347826087</max_grade><exclude_from_final_grade_calc>false</exclude_from_final_grade_calc><is_milestone_grade>false</is_milestone_grade></scoring></item><item id="1562" identifier="1151900" resource_code="grc-quiz_gr_04"><category_id>1151887</category_id><name>Lesson 04: Group Meeting Quiz</name><short_name>L04GQ</short_name><sort_order>56</sort_order><show_average>false</show_average><show_distribution>false</show_distribution><description text_type="text/html" is_displayed="false" /><type_id>1</type_id><is_active>true</is_active><scoring><can_exceed_weight>false</can_exceed_weight><out_of>10</out_of><is_bonus>false</is_bonus><max_grade>4.347826087</max_grade><exclude_from_final_grade_calc>false</exclude_from_final_grade_calc><is_milestone_grade>false</is_milestone_grade></scoring></item><item id="1563" identifier="1151903" resource_code="grc-quiz_gr_05"><category_id>1151887</category_id><name>Lesson 05: Group Meeting Quiz</name><short_name>L05GQ</short_name><sort_order>57</sort_order><show_average>false</show_average><show_distribution>false</show_distribution><description text_type="text/html" is_displayed="false" /><type_id>1</type_id><is_active>true</is_active><scoring><can_exceed_weight>false</can_exceed_weight><out_of>10</out_of><is_bonus>false</is_bonus><max_grade>4.347826087</max_grade><exclude_from_final_grade_calc>false</exclude_from_final_grade_calc><is_milestone_grade>false</is_milestone_grade></scoring></item><item id="1564" identifier="1151906" resource_code="grc-quiz_gr_06"><category_id>1151887</category_id><name>Lesson 06: Group Meeting Quiz</name><short_name>L06GQ</short_name><sort_order>58</sort_order><show_average>false</show_average><show_distribution>false</show_distribution><description text_type="text/html" is_displayed="false" /><type_id>1</type_id><is_active>true</is_active><scoring><can_exceed_weight>false</can_exceed_weight><out_of>10</out_of><is_bonus>false</is_bonus><max_grade>4.347826087</max_grade><exclude_from_final_grade_calc>false</exclude_from_final_grade_calc><is_milestone_grade>false</is_milestone_grade></scoring></item><item id="1565" identifier="1151909" resource_code="grc-quiz_gr_07"><category_id>1151887</category_id><name>Lesson 07: Group Meeting Quiz</name><short_name>L07GQ</short_name><sort_order>59</sort_order><show_average>false</show_average><show_distribution>false</show_distribution><description text_type="text/html" is_displayed="false" /><type_id>1</type_id><is_active>true</is_active><scoring><can_exceed_weight>false</can_exceed_weight><out_of>10</out_of><is_bonus>false</is_bonus><max_grade>4.347826087</max_grade><exclude_from_final_grade_calc>false</exclude_from_final_grade_calc><is_milestone_grade>false</is_milestone_grade></scoring></item><item id="1566" identifier="1151912" resource_code="grc-quiz_gr_08"><category_id>1151887</category_id><name>Lesson 08: Group Meeting Quiz</name><short_name>L08GQ</short_name><sort_order>60</sort_order><show_average>false</show_average><show_distribution>false</show_distribution><description text_type="text/html" is_displayed="false" /><type_id>1</type_id><is_active>true</is_active><scoring><can_exceed_weight>false</can_exceed_weight><out_of>10</out_of><is_bonus>false</is_bonus><max_grade>4.347826087</max_grade><exclude_from_final_grade_calc>false</exclude_from_final_grade_calc><is_milestone_grade>false</is_milestone_grade></scoring></item><item id="1567" identifier="1151915" resource_code="grc-quiz_gr_09"><category_id>1151887</category_id><name>Lesson 09: Group Meeting Quiz</name><short_name>L09GQ</short_name><sort_order>61</sort_order><show_average>false</show_average><show_distribution>false</show_distribution><description text_type="text/html" is_displayed="false" /><type_id>1</type_id><is_active>true</is_active><scoring><can_exceed_weight>false</can_exceed_weight><out_of>10</out_of><is_bonus>false</is_bonus><max_grade>4.347826087</max_grade><exclude_from_final_grade_calc>false</exclude_from_final_grade_calc><is_milestone_grade>false</is_milestone_grade></scoring></item><item id="1568" identifier="1151918" resource_code="grc-quiz_gr_10"><category_id>1151887</category_id><name>Lesson 10: Group Meeting Quiz</name><short_name>L10GQ</short_name><sort_order>62</sort_order><show_average>false</show_average><show_distribution>false</show_distribution><description text_type="text/html" is_displayed="false" /><type_id>1</type_id><is_active>true</is_active><scoring><can_exceed_weight>false</can_exceed_weight><out_of>10</out_of><is_bonus>false</is_bonus><max_grade>4.347826087</max_grade><exclude_from_final_grade_calc>false</exclude_from_final_grade_calc><is_milestone_grade>false</is_milestone_grade></scoring></item><item id="1569" identifier="1151921" resource_code="grc-quiz_gr_11"><category_id>1151887</category_id><name>Lesson 11: Group Meeting Quiz</name><short_name>L11GQ</short_name><sort_order>63</sort_order><show_average>false</show_average><show_distribution>false</show_distribution><description text_type="text/html" is_displayed="false" /><type_id>1</type_id><is_active>true</is_active><scoring><can_exceed_weight>false</can_exceed_weight><out_of>10</out_of><is_bonus>false</is_bonus><max_grade>4.347826087</max_grade><exclude_from_final_grade_calc>false</exclude_from_final_grade_calc><is_milestone_grade>false</is_milestone_grade></scoring></item><item id="1570" identifier="1151924" resource_code="grc-quiz_gr_12"><category_id>1151887</category_id><name>Lesson 12: Group Meeting Quiz</name><short_name>L12GQ</short_name><sort_order>64</sort_order><show_average>false</show_average><show_distribution>false</show_distribution><description text_type="text/html" is_displayed="false" /><type_id>1</type_id><is_active>true</is_active><scoring><can_exceed_weight>false</can_exceed_weight><out_of>10</out_of><is_bonus>false</is_bonus><max_grade>4.347826087</max_grade><exclude_from_final_grade_calc>false</exclude_from_final_grade_calc><is_milestone_grade>false</is_milestone_grade></scoring></item><item id="1571" identifier="1151927" resource_code="grc-quiz_gr_13"><category_id>1151887</category_id><name>Lesson 13: Group Meeting Quiz</name><short_name>L13GQ</short_name><sort_order>65</sort_order><show_average>false</show_average><show_distribution>false</show_distribution><description text_type="text/html" is_displayed="false" /><type_id>1</type_id><is_active>true</is_active><scoring><can_exceed_weight>false</can_exceed_weight><out_of>10</out_of><is_bonus>false</is_bonus><max_grade>4.347826087</max_grade><exclude_from_final_grade_calc>false</exclude_from_final_grade_calc><is_milestone_grade>false</is_milestone_grade></scoring></item><item id="1572" identifier="1151930" resource_code="grc-quiz_gr_14"><category_id>1151887</category_id><name>Lesson 14: Group Meeting Quiz</name><short_name>L14GQ</short_name><sort_order>66</sort_order><show_average>false</show_average><show_distribution>false</show_distribution><description text_type="text/html" is_displayed="false" /><type_id>1</type_id><is_active>true</is_active><scoring><can_exceed_weight>false</can_exceed_weight><out_of>10</out_of><is_bonus>false</is_bonus><max_grade>4.347826087</max_grade><exclude_from_final_grade_calc>false</exclude_from_final_grade_calc><is_milestone_grade>false</is_milestone_grade></scoring></item><item id="1573" identifier="1151933" resource_code="grc-quiz_gr_15"><category_id>1151887</category_id><name>Lesson 15: Group Meeting Quiz</name><short_name>L15GQ</short_name><sort_order>67</sort_order><show_average>false</show_average><show_distribution>false</show_distribution><description text_type="text/html" is_displayed="false" /><type_id>1</type_id><is_active>true</is_active><scoring><can_exceed_weight>false</can_exceed_weight><out_of>10</out_of><is_bonus>false</is_bonus><max_grade>4.347826087</max_grade><exclude_from_final_grade_calc>false</exclude_from_final_grade_calc><is_milestone_grade>false</is_milestone_grade></scoring></item><item id="1574" identifier="1151936" resource_code="grc-quiz_gr_16"><category_id>1151887</category_id><name>Lesson 16: Group Meeting Quiz</name><short_name>L16GQ</short_name><sort_order>68</sort_order><show_average>false</show_average><show_distribution>false</show_distribution><description text_type="text/html" is_displayed="false" /><type_id>1</type_id><is_active>true</is_active><scoring><can_exceed_weight>false</can_exceed_weight><out_of>10</out_of><is_bonus>false</is_bonus><max_grade>4.347826087</max_grade><exclude_from_final_grade_calc>false</exclude_from_final_grade_calc><is_milestone_grade>false</is_milestone_grade></scoring></item><item id="1575" identifier="1151939" resource_code="grc-quiz_gr_17"><category_id>1151887</category_id><name>Lesson 17: Group Meeting Quiz</name><short_name>L17GQ</short_name><sort_order>69</sort_order><show_average>false</show_average><show_distribution>false</show_distribution><description text_type="text/html" is_displayed="false" /><type_id>1</type_id><is_active>true</is_active><scoring><can_exceed_weight>false</can_exceed_weight><out_of>10</out_of><is_bonus>false</is_bonus><max_grade>4.347826087</max_grade><exclude_from_final_grade_calc>false</exclude_from_final_grade_calc><is_milestone_grade>false</is_milestone_grade></scoring></item><item id="1576" identifier="1151942" resource_code="grc-quiz_gr_18"><category_id>1151887</category_id><name>Lesson 18: Group Meeting Quiz</name><short_name>L18GQ</short_name><sort_order>70</sort_order><show_average>false</show_average><show_distribution>false</show_distribution><description text_type="text/html" is_displayed="false" /><type_id>1</type_id><is_active>true</is_active><scoring><can_exceed_weight>false</can_exceed_weight><out_of>10</out_of><is_bonus>false</is_bonus><max_grade>4.347826087</max_grade><exclude_from_final_grade_calc>false</exclude_from_final_grade_calc><is_milestone_grade>false</is_milestone_grade></scoring></item><item id="1577" identifier="1151945" resource_code="grc-quiz_gr_19"><category_id>1151887</category_id><name>Lesson 19: Group Meeting Quiz</name><short_name>L19GQ</short_name><sort_order>71</sort_order><show_average>false</show_average><show_distribution>false</show_distribution><description text_type="text/html" is_displayed="false" /><type_id>1</type_id><is_active>true</is_active><scoring><can_exceed_weight>false</can_exceed_weight><out_of>10</out_of><is_bonus>false</is_bonus><max_grade>4.347826087</max_grade><exclude_from_final_grade_calc>false</exclude_from_final_grade_calc><is_milestone_grade>false</is_milestone_grade></scoring></item><item id="1578" identifier="1151948" resource_code="grc-quiz_gr_20"><category_id>1151887</category_id><name>Lesson 20: Group Meeting Quiz</name><short_name>L20GQ</short_name><sort_order>72</sort_order><show_average>false</show_average><show_distribution>false</show_distribution><description text_type="text/html" is_displayed="false" /><type_id>1</type_id><is_active>true</is_active><scoring><can_exceed_weight>false</can_exceed_weight><out_of>10</out_of><is_bonus>false</is_bonus><max_grade>4.347826087</max_grade><exclude_from_final_grade_calc>false</exclude_from_final_grade_calc><is_milestone_grade>false</is_milestone_grade></scoring></item><item id="1579" identifier="1151951" resource_code="grc-quiz_gr_21"><category_id>1151887</category_id><name>Lesson 21: Group Meeting Quiz</name><short_name>L21GQ</short_name><sort_order>73</sort_order><show_average>false</show_average><show_distribution>false</show_distribution><description text_type="text/html" is_displayed="false" /><type_id>1</type_id><is_active>true</is_active><scoring><can_exceed_weight>false</can_exceed_weight><out_of>10</out_of><is_bonus>false</is_bonus><max_grade>4.347826087</max_grade><exclude_from_final_grade_calc>false</exclude_from_final_grade_calc><is_milestone_grade>false</is_milestone_grade></scoring></item><item id="1580" identifier="1151954" resource_code="grc-quiz_gr_22"><category_id>1151887</category_id><name>Lesson 22: Group Meeting Quiz</name><short_name>L22GQ</short_name><sort_order>74</sort_order><show_average>false</show_average><show_distribution>false</show_distribution><description text_type="text/html" is_displayed="false" /><type_id>1</type_id><is_active>true</is_active><scoring><can_exceed_weight>false</can_exceed_weight><out_of>10</out_of><is_bonus>false</is_bonus><max_grade>4.347826087</max_grade><exclude_from_final_grade_calc>false</exclude_from_final_grade_calc><is_milestone_grade>false</is_milestone_grade></scoring></item><item id="1581" identifier="1151957" resource_code="grc-quiz_gr_23"><category_id>1151887</category_id><name>Lesson 23: Group Meeting Quiz</name><short_name>L23GQ</short_name><sort_order>75</sort_order><show_average>false</show_average><show_distribution>false</show_distribution><description text_type="text/html" is_displayed="false" /><type_id>1</type_id><is_active>true</is_active><scoring><can_exceed_weight>false</can_exceed_weight><out_of>10</out_of><is_bonus>false</is_bonus><max_grade>4.347826087</max_grade><exclude_from_final_grade_calc>false</exclude_from_final_grade_calc><is_milestone_grade>false</is_milestone_grade></scoring></item><item id="1582" identifier="1151960" resource_code="grc-quiz_gr_24"><category_id>1151887</category_id><name>Lesson 24: Group Meeting Quiz</name><short_name>L24GQ</short_name><sort_order>76</sort_order><show_average>false</show_average><show_distribution>false</show_distribution><description text_type="text/html" is_displayed="false" /><type_id>1</type_id><is_active>true</is_active><scoring><can_exceed_weight>false</can_exceed_weight><out_of>10</out_of><is_bonus>false</is_bonus><max_grade>4.347826087</max_grade><exclude_from_final_grade_calc>false</exclude_from_final_grade_calc><is_milestone_grade>false</is_milestone_grade></scoring></item><item id="1583" identifier="1151965" resource_code="grc-drop_dts"><category_id>1151888</category_id><name>Design the Study Draft Upload</name><short_name>DtSD</short_name><sort_order>78</sort_order><show_average>false</show_average><show_distribution>false</show_distribution><description text_type="text/html" is_displayed="false" /><type_id>1</type_id><is_active>true</is_active><scoring><can_exceed_weight>false</can_exceed_weight><out_of>10</out_of><is_bonus>false</is_bonus><max_grade>4</max_grade><exclude_from_final_grade_calc>false</exclude_from_final_grade_calc><is_milestone_grade>false</is_milestone_grade></scoring></item><item id="1584" identifier="1151966" resource_code="grc-drop_ctd"><category_id>1151888</category_id><name>Design the Study Final Upload</name><short_name>DtSF</short_name><sort_order>79</sort_order><show_average>false</show_average><show_distribution>false</show_distribution><description text_type="text/html" is_displayed="false" /><type_id>1</type_id><is_active>true</is_active><scoring><can_exceed_weight>false</can_exceed_weight><out_of>20</out_of><is_bonus>false</is_bonus><max_grade>8</max_grade><exclude_from_final_grade_calc>false</exclude_from_final_grade_calc><is_milestone_grade>false</is_milestone_grade></scoring></item><item id="1585" identifier="1151967" resource_code="grc-drop_dtd"><category_id>1151888</category_id><name>Collect and Describe the Data Upload</name><short_name>CaDtD</short_name><sort_order>80</sort_order><show_average>false</show_average><show_distribution>false</show_distribution><description text_type="text/html" is_displayed="false" /><type_id>1</type_id><is_active>true</is_active><scoring><can_exceed_weight>false</can_exceed_weight><out_of>20</out_of><is_bonus>false</is_bonus><max_grade>8</max_grade><exclude_from_final_grade_calc>false</exclude_from_final_grade_calc><is_milestone_grade>false</is_milestone_grade></scoring></item><item id="1586" identifier="1151968" resource_code="grc-drop_miata"><category_id>1151888</category_id><name>Putting It Together Draft Upload</name><short_name>PITD</short_name><sort_order>81</sort_order><show_average>false</show_average><show_distribution>false</show_distribution><description text_type="text/html" is_displayed="false" /><type_id>1</type_id><is_active>true</is_active><scoring><can_exceed_weight>false</can_exceed_weight><out_of>30</out_of><is_bonus>false</is_bonus><max_grade>12</max_grade><exclude_from_final_grade_calc>false</exclude_from_final_grade_calc><is_milestone_grade>false</is_milestone_grade></scoring></item><item id="1587" identifier="1151969" resource_code="grc-drop_ppp"><category_id>1151888</category_id><name>Putting It Together Final Upload</name><short_name>PITF</short_name><sort_order>82</sort_order><show_average>false</show_average><show_distribution>false</show_distribution><description text_type="text/html" is_displayed="false" /><type_id>1</type_id><is_active>true</is_active><scoring><can_exceed_weight>true</can_exceed_weight><out_of>150</out_of><is_bonus>false</is_bonus><max_grade>60</max_grade><exclude_from_final_grade_calc>false</exclude_from_final_grade_calc><is_milestone_grade>false</is_milestone_grade></scoring></item><item id="1588" identifier="1151970" resource_code="grc-drop_teval"><category_id>1151888</category_id><name>Team Evaluation Upload</name><short_name>TEVAL</short_name><sort_order>83</sort_order><show_average>false</show_average><show_distribution>false</show_distribution><description text_type="text/html" is_displayed="false" /><type_id>1</type_id><is_active>true</is_active><scoring><can_exceed_weight>false</can_exceed_weight><out_of>20</out_of><is_bonus>false</is_bonus><max_grade>8</max_grade><exclude_from_final_grade_calc>false</exclude_from_final_grade_calc><is_milestone_grade>false</is_milestone_grade></scoring></item><item id="1589" identifier="1151889" resource_code="grc-drop_cl_01"><name>Lesson 01: Class Meeting Upload</name><short_name /><sort_order>84</sort_order><show_average>false</show_average><show_distribution>false</show_distribution><description text_type="text/html" is_displayed="false" /><type_id>1</type_id><is_active>true</is_active><scoring><can_exceed_weight>false</can_exceed_weight><out_of>10</out_of><is_bonus>false</is_bonus><max_grade>0</max_grade><exclude_from_final_grade_calc>false</exclude_from_final_grade_calc><is_milestone_grade>false</is_milestone_grade></scoring></item><item id="1590" identifier="1151901" resource_code="grc-drop_cl_04"><name>Lesson 04: Class Meeting Upload</name><short_name>L04CU</short_name><sort_order>85</sort_order><show_average>false</show_average><show_distribution>false</show_distribution><description text_type="text/html" is_displayed="false" /><type_id>1</type_id><is_active>true</is_active><scoring><can_exceed_weight>false</can_exceed_weight><out_of>5</out_of><is_bonus>false</is_bonus><max_grade>0</max_grade><exclude_from_final_grade_calc>false</exclude_from_final_grade_calc><is_milestone_grade>false</is_milestone_grade></scoring></item><item id="1591" identifier="1151952" resource_code="grc-drop_cl_21"><name>Lesson 21: Class Meeting Upload</name><short_name>L21CU</short_name><sort_order>86</sort_order><show_average>false</show_average><show_distribution>false</show_distribution><description text_type="text/html" is_displayed="false" /><type_id>1</type_id><is_active>true</is_active><scoring><can_exceed_weight>false</can_exceed_weight><out_of>10</out_of><is_bonus>false</is_bonus><max_grade>0</max_grade><exclude_from_final_grade_calc>false</exclude_from_final_grade_calc><is_milestone_grade>false</is_milestone_grade></scoring></item></items></grades>