﻿<?xml version="1.0" encoding="UTF-8"?><questestinterop xmlns:d2l_2p0="http://desire2learn.com/xsd/d2lcp_v2p0"><assessment d2l_2p0:id="1456" title="Lesson 15: Group Meeting Quiz" ident="res_quiz_494062" d2l_2p0:resource_code="qrc-quiz_gr_15"><rubric><flow_mat><material><mattext d2l_2p0:isdisplayed="no" texttype="text/html" /></material></flow_mat></rubric><assessmentcontrol hintswitch="no" solutionswitch="yes" feedbackswitch="no" /><presentation_material><flow_mat><material label="page header"><mattext d2l_2p0:isdisplayed="no" texttype="text/html" /></material><material label="page footer"><mattext d2l_2p0:isdisplayed="no" texttype="text/html" /></material></flow_mat></presentation_material><assess_procextension><d2l_2p0:intro_message d2l_2p0:isdisplayed="yes" texttype="text/html">&lt;p&gt;&lt;img alt="Course Banner" src="Web_Files/Images/smallBanner.jpg" width="100%" /&gt;&lt;/p&gt;
&lt;p&gt;&lt;span style="font-size: 14pt;"&gt;You should take this quiz with your group during your &lt;a rel="noopener" href="Course_Files/Lesson_15_Group_Meeting.html" target="_blank"&gt;Lesson 15: Group Meeting&lt;/a&gt;. The link to the left gives you the instructions for your meeting. &lt;/span&gt;&lt;/p&gt;
&lt;ul&gt;
&lt;li&gt;&lt;span style="font-size: 14pt;"&gt;You will have 2 attempts to complete this quiz. &lt;/span&gt;&lt;/li&gt;
&lt;li&gt;&lt;span style="font-size: 14pt;"&gt;You can view your previous attempts at any time. While on this page, click on the down arrow that's located directly to the right of the title. A drop down menu will appear where you can select a previous attempt.&lt;/span&gt;&lt;/li&gt;
&lt;li&gt;&lt;span style="font-size: 14pt;"&gt;The solutions to all of the quiz questions will become available after the end date for the quiz.&lt;/span&gt;&lt;/li&gt;
&lt;/ul&gt;</d2l_2p0:intro_message><category ident="93877" d2l_2p0:sortorder="1">Preparation</category><grade_item d2l_2p0:is_autoexport="yes" resource_code="grc-quiz_gr_15">1151933</grade_item><d2l_2p0:disable_right_click>no</d2l_2p0:disable_right_click><d2l_2p0:disable_pager_access>no</d2l_2p0:disable_pager_access><is_active>yes</is_active><d2l_2p0:date_start /><d2l_2p0:date_end><d2l_2p0:timestamp><d2l_2p0:month>3</d2l_2p0:month><d2l_2p0:day>3</d2l_2p0:day><d2l_2p0:year>2017</d2l_2p0:year><d2l_2p0:hour>23</d2l_2p0:hour><d2l_2p0:minutes>55</d2l_2p0:minutes><d2l_2p0:seconds>0</d2l_2p0:seconds></d2l_2p0:timestamp></d2l_2p0:date_end><d2l_2p0:has_schedule_event>no</d2l_2p0:has_schedule_event><d2l_2p0:is_attempt_Rldb>no</d2l_2p0:is_attempt_Rldb><d2l_2p0:is_subview_Rldb>no</d2l_2p0:is_subview_Rldb><d2l_2p0:time_limit>60</d2l_2p0:time_limit><d2l_2p0:show_clock>no</d2l_2p0:show_clock><d2l_2p0:enforce_time_limit>no</d2l_2p0:enforce_time_limit><d2l_2p0:grace_period>5</d2l_2p0:grace_period><d2l_2p0:late_limit>0</d2l_2p0:late_limit><d2l_2p0:attempts_allowed>2</d2l_2p0:attempts_allowed><d2l_2p0:attempt_restrictions /><d2l_2p0:mark_calculation_type>1</d2l_2p0:mark_calculation_type><d2l_2p0:is_forward_only>no</d2l_2p0:is_forward_only></assess_procextension><assessfeedback title=""><rubric><flow_mat><material><mattext texttype="yes">&lt;p&gt;Your quiz has been submitted successfully.&lt;/p&gt;</mattext></material></flow_mat></rubric><d2l_2p0:duration>0</d2l_2p0:duration><d2l_2p0:response_display_type_id>2</d2l_2p0:response_display_type_id><d2l_2p0:show_correct_answers>no</d2l_2p0:show_correct_answers><d2l_2p0:submission_restrictip>no</d2l_2p0:submission_restrictip><d2l_2p0:show_class_average>no</d2l_2p0:show_class_average><d2l_2p0:show_score_distribution>no</d2l_2p0:show_score_distribution></assessfeedback><assessfeedback title="Show Solutions After Due Date"><rubric><flow_mat><material><mattext texttype="yes" /></material></flow_mat></rubric><release_date><d2l_2p0:timestamp><d2l_2p0:month>3</d2l_2p0:month><d2l_2p0:day>3</d2l_2p0:day><d2l_2p0:year>2017</d2l_2p0:year><d2l_2p0:hour>23</d2l_2p0:hour><d2l_2p0:minutes>55</d2l_2p0:minutes><d2l_2p0:seconds>0</d2l_2p0:seconds></d2l_2p0:timestamp></release_date><d2l_2p0:duration>0</d2l_2p0:duration><d2l_2p0:response_display_type_id>2</d2l_2p0:response_display_type_id><d2l_2p0:show_correct_answers>yes</d2l_2p0:show_correct_answers><d2l_2p0:submission_restrictip>no</d2l_2p0:submission_restrictip><d2l_2p0:show_class_average>no</d2l_2p0:show_class_average><d2l_2p0:show_score_distribution>no</d2l_2p0:show_score_distribution></assessfeedback><section ident="CONTAINER_SECTION"><section title="Self Report (F2F)" d2l_2p0:page="1" ident="SECT_9808078"><sectionproc_extension><d2l_2p0:display_section_name>no</d2l_2p0:display_section_name><d2l_2p0:display_section_line>no</d2l_2p0:display_section_line><d2l_2p0:type_display_section>0</d2l_2p0:type_display_section></sectionproc_extension><itemref linkrefid="QUES_1500443_1699528" d2l_2p0:page="1"><d2l_2p0:file href="questiondb.xml" /><d2l_2p0:points>2.000000000</d2l_2p0:points><d2l_2p0:difficulty>1</d2l_2p0:difficulty><d2l_2p0:isbonus>no</d2l_2p0:isbonus><d2l_2p0:ismandatory>no</d2l_2p0:ismandatory></itemref><itemref linkrefid="QUES_1500444_1699529" d2l_2p0:page="1"><d2l_2p0:file href="questiondb.xml" /><d2l_2p0:points>2.000000000</d2l_2p0:points><d2l_2p0:difficulty>1</d2l_2p0:difficulty><d2l_2p0:isbonus>no</d2l_2p0:isbonus><d2l_2p0:ismandatory>no</d2l_2p0:ismandatory></itemref><itemref linkrefid="QUES_1500445_1699530" d2l_2p0:page="1"><d2l_2p0:file href="questiondb.xml" /><d2l_2p0:points>1.000000000</d2l_2p0:points><d2l_2p0:difficulty>1</d2l_2p0:difficulty><d2l_2p0:isbonus>no</d2l_2p0:isbonus><d2l_2p0:ismandatory>no</d2l_2p0:ismandatory></itemref></section><section title="Group Questions" d2l_2p0:page="1" ident="SECT_9808082"><sectionproc_extension><d2l_2p0:display_section_name>no</d2l_2p0:display_section_name><d2l_2p0:display_section_line>no</d2l_2p0:display_section_line><d2l_2p0:type_display_section>0</d2l_2p0:type_display_section></sectionproc_extension><itemref linkrefid="QUES_1500890_1699975" d2l_2p0:page="1"><d2l_2p0:file href="questiondb.xml" /><d2l_2p0:points>0.000000000</d2l_2p0:points><d2l_2p0:difficulty>0</d2l_2p0:difficulty><d2l_2p0:isbonus>no</d2l_2p0:isbonus><d2l_2p0:ismandatory>no</d2l_2p0:ismandatory></itemref><itemref linkrefid="QUES_1500891_1699976" d2l_2p0:page="1"><d2l_2p0:file href="questiondb.xml" /><d2l_2p0:points>2.000000000</d2l_2p0:points><d2l_2p0:difficulty>1</d2l_2p0:difficulty><d2l_2p0:isbonus>no</d2l_2p0:isbonus><d2l_2p0:ismandatory>no</d2l_2p0:ismandatory></itemref><itemref linkrefid="QUES_1500892_1699977" d2l_2p0:page="1"><d2l_2p0:file href="questiondb.xml" /><d2l_2p0:points>1.000000000</d2l_2p0:points><d2l_2p0:difficulty>1</d2l_2p0:difficulty><d2l_2p0:isbonus>no</d2l_2p0:isbonus><d2l_2p0:ismandatory>no</d2l_2p0:ismandatory></itemref><itemref linkrefid="QUES_1500893_1699978" d2l_2p0:page="1"><d2l_2p0:file href="questiondb.xml" /><d2l_2p0:points>0.000000000</d2l_2p0:points><d2l_2p0:difficulty>0</d2l_2p0:difficulty><d2l_2p0:isbonus>no</d2l_2p0:isbonus><d2l_2p0:ismandatory>no</d2l_2p0:ismandatory></itemref><itemref linkrefid="QUES_1500894_1699979" d2l_2p0:page="1"><d2l_2p0:file href="questiondb.xml" /><d2l_2p0:points>1.000000000</d2l_2p0:points><d2l_2p0:difficulty>1</d2l_2p0:difficulty><d2l_2p0:isbonus>no</d2l_2p0:isbonus><d2l_2p0:ismandatory>no</d2l_2p0:ismandatory></itemref><itemref linkrefid="QUES_1500895_1699980" d2l_2p0:page="1"><d2l_2p0:file href="questiondb.xml" /><d2l_2p0:points>1.000000000</d2l_2p0:points><d2l_2p0:difficulty>1</d2l_2p0:difficulty><d2l_2p0:isbonus>no</d2l_2p0:isbonus><d2l_2p0:ismandatory>no</d2l_2p0:ismandatory></itemref><itemref linkrefid="QUES_1500896_1699981" d2l_2p0:page="1"><d2l_2p0:file href="questiondb.xml" /><d2l_2p0:points>1.000000000</d2l_2p0:points><d2l_2p0:difficulty>1</d2l_2p0:difficulty><d2l_2p0:isbonus>no</d2l_2p0:isbonus><d2l_2p0:ismandatory>no</d2l_2p0:ismandatory></itemref><itemref linkrefid="QUES_1500897_1699982" d2l_2p0:page="1"><d2l_2p0:file href="questiondb.xml" /><d2l_2p0:points>0.000000000</d2l_2p0:points><d2l_2p0:difficulty>0</d2l_2p0:difficulty><d2l_2p0:isbonus>no</d2l_2p0:isbonus><d2l_2p0:ismandatory>no</d2l_2p0:ismandatory></itemref><itemref linkrefid="QUES_1500898_1699983" d2l_2p0:page="1"><d2l_2p0:file href="questiondb.xml" /><d2l_2p0:points>1.000000000</d2l_2p0:points><d2l_2p0:difficulty>1</d2l_2p0:difficulty><d2l_2p0:isbonus>no</d2l_2p0:isbonus><d2l_2p0:ismandatory>no</d2l_2p0:ismandatory></itemref><itemref linkrefid="QUES_1500899_1699984" d2l_2p0:page="1"><d2l_2p0:file href="questiondb.xml" /><d2l_2p0:points>0.500000000</d2l_2p0:points><d2l_2p0:difficulty>1</d2l_2p0:difficulty><d2l_2p0:isbonus>no</d2l_2p0:isbonus><d2l_2p0:ismandatory>no</d2l_2p0:ismandatory></itemref><itemref linkrefid="QUES_1500900_1699985" d2l_2p0:page="1"><d2l_2p0:file href="questiondb.xml" /><d2l_2p0:points>0.500000000</d2l_2p0:points><d2l_2p0:difficulty>1</d2l_2p0:difficulty><d2l_2p0:isbonus>no</d2l_2p0:isbonus><d2l_2p0:ismandatory>no</d2l_2p0:ismandatory></itemref><itemref linkrefid="QUES_1500901_1699986" d2l_2p0:page="1"><d2l_2p0:file href="questiondb.xml" /><d2l_2p0:points>1.000000000</d2l_2p0:points><d2l_2p0:difficulty>1</d2l_2p0:difficulty><d2l_2p0:isbonus>no</d2l_2p0:isbonus><d2l_2p0:ismandatory>no</d2l_2p0:ismandatory></itemref><itemref linkrefid="QUES_1500902_1699987" d2l_2p0:page="1"><d2l_2p0:file href="questiondb.xml" /><d2l_2p0:points>1.000000000</d2l_2p0:points><d2l_2p0:difficulty>1</d2l_2p0:difficulty><d2l_2p0:isbonus>no</d2l_2p0:isbonus><d2l_2p0:ismandatory>no</d2l_2p0:ismandatory></itemref><itemref linkrefid="QUES_1500903_1699988" d2l_2p0:page="1"><d2l_2p0:file href="questiondb.xml" /><d2l_2p0:points>1.000000000</d2l_2p0:points><d2l_2p0:difficulty>1</d2l_2p0:difficulty><d2l_2p0:isbonus>no</d2l_2p0:isbonus><d2l_2p0:ismandatory>no</d2l_2p0:ismandatory></itemref><itemref linkrefid="QUES_1500904_1699989" d2l_2p0:page="1"><d2l_2p0:file href="questiondb.xml" /><d2l_2p0:points>1.000000000</d2l_2p0:points><d2l_2p0:difficulty>1</d2l_2p0:difficulty><d2l_2p0:isbonus>no</d2l_2p0:isbonus><d2l_2p0:ismandatory>no</d2l_2p0:ismandatory></itemref><itemref linkrefid="QUES_1500905_1699990" d2l_2p0:page="1"><d2l_2p0:file href="questiondb.xml" /><d2l_2p0:points>1.000000000</d2l_2p0:points><d2l_2p0:difficulty>1</d2l_2p0:difficulty><d2l_2p0:isbonus>no</d2l_2p0:isbonus><d2l_2p0:ismandatory>no</d2l_2p0:ismandatory></itemref><itemref linkrefid="QUES_1500906_1699991" d2l_2p0:page="1"><d2l_2p0:file href="questiondb.xml" /><d2l_2p0:points>1.000000000</d2l_2p0:points><d2l_2p0:difficulty>1</d2l_2p0:difficulty><d2l_2p0:isbonus>no</d2l_2p0:isbonus><d2l_2p0:ismandatory>no</d2l_2p0:ismandatory></itemref><itemref linkrefid="QUES_1500907_1699992" d2l_2p0:page="1"><d2l_2p0:file href="questiondb.xml" /><d2l_2p0:points>1.000000000</d2l_2p0:points><d2l_2p0:difficulty>1</d2l_2p0:difficulty><d2l_2p0:isbonus>no</d2l_2p0:isbonus><d2l_2p0:ismandatory>no</d2l_2p0:ismandatory></itemref><itemref linkrefid="QUES_1500908_1699993" d2l_2p0:page="1"><d2l_2p0:file href="questiondb.xml" /><d2l_2p0:points>1.000000000</d2l_2p0:points><d2l_2p0:difficulty>1</d2l_2p0:difficulty><d2l_2p0:isbonus>no</d2l_2p0:isbonus><d2l_2p0:ismandatory>no</d2l_2p0:ismandatory></itemref><itemref linkrefid="QUES_1500909_1699994" d2l_2p0:page="1"><d2l_2p0:file href="questiondb.xml" /><d2l_2p0:points>1.000000000</d2l_2p0:points><d2l_2p0:difficulty>1</d2l_2p0:difficulty><d2l_2p0:isbonus>no</d2l_2p0:isbonus><d2l_2p0:ismandatory>no</d2l_2p0:ismandatory></itemref><itemref linkrefid="QUES_1500910_1699995" d2l_2p0:page="1"><d2l_2p0:file href="questiondb.xml" /><d2l_2p0:points>0.000000000</d2l_2p0:points><d2l_2p0:difficulty>0</d2l_2p0:difficulty><d2l_2p0:isbonus>no</d2l_2p0:isbonus><d2l_2p0:ismandatory>no</d2l_2p0:ismandatory></itemref><itemref linkrefid="QUES_1500911_1699996" d2l_2p0:page="1"><d2l_2p0:file href="questiondb.xml" /><d2l_2p0:points>1.000000000</d2l_2p0:points><d2l_2p0:difficulty>1</d2l_2p0:difficulty><d2l_2p0:isbonus>no</d2l_2p0:isbonus><d2l_2p0:ismandatory>no</d2l_2p0:ismandatory></itemref><itemref linkrefid="QUES_1500912_1699997" d2l_2p0:page="1"><d2l_2p0:file href="questiondb.xml" /><d2l_2p0:points>0.000000000</d2l_2p0:points><d2l_2p0:difficulty>0</d2l_2p0:difficulty><d2l_2p0:isbonus>no</d2l_2p0:isbonus><d2l_2p0:ismandatory>no</d2l_2p0:ismandatory></itemref><itemref linkrefid="QUES_1500913_1699998" d2l_2p0:page="1"><d2l_2p0:file href="questiondb.xml" /><d2l_2p0:points>1.000000000</d2l_2p0:points><d2l_2p0:difficulty>1</d2l_2p0:difficulty><d2l_2p0:isbonus>no</d2l_2p0:isbonus><d2l_2p0:ismandatory>no</d2l_2p0:ismandatory></itemref><itemref linkrefid="QUES_1500914_1699999" d2l_2p0:page="1"><d2l_2p0:file href="questiondb.xml" /><d2l_2p0:points>0.500000000</d2l_2p0:points><d2l_2p0:difficulty>1</d2l_2p0:difficulty><d2l_2p0:isbonus>no</d2l_2p0:isbonus><d2l_2p0:ismandatory>no</d2l_2p0:ismandatory></itemref><itemref linkrefid="QUES_1500915_1700000" d2l_2p0:page="1"><d2l_2p0:file href="questiondb.xml" /><d2l_2p0:points>0.500000000</d2l_2p0:points><d2l_2p0:difficulty>1</d2l_2p0:difficulty><d2l_2p0:isbonus>no</d2l_2p0:isbonus><d2l_2p0:ismandatory>no</d2l_2p0:ismandatory></itemref><itemref linkrefid="QUES_1500916_1700001" d2l_2p0:page="1"><d2l_2p0:file href="questiondb.xml" /><d2l_2p0:points>0.000000000</d2l_2p0:points><d2l_2p0:difficulty>0</d2l_2p0:difficulty><d2l_2p0:isbonus>no</d2l_2p0:isbonus><d2l_2p0:ismandatory>no</d2l_2p0:ismandatory></itemref><itemref linkrefid="QUES_1500917_1700002" d2l_2p0:page="1"><d2l_2p0:file href="questiondb.xml" /><d2l_2p0:points>1.000000000</d2l_2p0:points><d2l_2p0:difficulty>1</d2l_2p0:difficulty><d2l_2p0:isbonus>no</d2l_2p0:isbonus><d2l_2p0:ismandatory>no</d2l_2p0:ismandatory></itemref><itemref linkrefid="QUES_1500918_1700003" d2l_2p0:page="1"><d2l_2p0:file href="questiondb.xml" /><d2l_2p0:points>0.000000000</d2l_2p0:points><d2l_2p0:difficulty>0</d2l_2p0:difficulty><d2l_2p0:isbonus>no</d2l_2p0:isbonus><d2l_2p0:ismandatory>no</d2l_2p0:ismandatory></itemref><itemref linkrefid="QUES_1500919_1700004" d2l_2p0:page="1"><d2l_2p0:file href="questiondb.xml" /><d2l_2p0:points>0.500000000</d2l_2p0:points><d2l_2p0:difficulty>1</d2l_2p0:difficulty><d2l_2p0:isbonus>no</d2l_2p0:isbonus><d2l_2p0:ismandatory>no</d2l_2p0:ismandatory></itemref><itemref linkrefid="QUES_1500920_1700005" d2l_2p0:page="1"><d2l_2p0:file href="questiondb.xml" /><d2l_2p0:points>0.500000000</d2l_2p0:points><d2l_2p0:difficulty>1</d2l_2p0:difficulty><d2l_2p0:isbonus>no</d2l_2p0:isbonus><d2l_2p0:ismandatory>no</d2l_2p0:ismandatory></itemref><itemref linkrefid="QUES_1500921_1700006" d2l_2p0:page="1"><d2l_2p0:file href="questiondb.xml" /><d2l_2p0:points>0.000000000</d2l_2p0:points><d2l_2p0:difficulty>0</d2l_2p0:difficulty><d2l_2p0:isbonus>no</d2l_2p0:isbonus><d2l_2p0:ismandatory>no</d2l_2p0:ismandatory></itemref><itemref linkrefid="QUES_1500922_1700007" d2l_2p0:page="1"><d2l_2p0:file href="questiondb.xml" /><d2l_2p0:points>1.000000000</d2l_2p0:points><d2l_2p0:difficulty>1</d2l_2p0:difficulty><d2l_2p0:isbonus>no</d2l_2p0:isbonus><d2l_2p0:ismandatory>no</d2l_2p0:ismandatory></itemref><itemref linkrefid="QUES_1500923_1700008" d2l_2p0:page="1"><d2l_2p0:file href="questiondb.xml" /><d2l_2p0:points>1.000000000</d2l_2p0:points><d2l_2p0:difficulty>1</d2l_2p0:difficulty><d2l_2p0:isbonus>no</d2l_2p0:isbonus><d2l_2p0:ismandatory>no</d2l_2p0:ismandatory></itemref><itemref linkrefid="QUES_1500924_1700009" d2l_2p0:page="1"><d2l_2p0:file href="questiondb.xml" /><d2l_2p0:points>1.000000000</d2l_2p0:points><d2l_2p0:difficulty>1</d2l_2p0:difficulty><d2l_2p0:isbonus>no</d2l_2p0:isbonus><d2l_2p0:ismandatory>no</d2l_2p0:ismandatory></itemref><itemref linkrefid="QUES_1500925_1700010" d2l_2p0:page="1"><d2l_2p0:file href="questiondb.xml" /><d2l_2p0:points>1.000000000</d2l_2p0:points><d2l_2p0:difficulty>1</d2l_2p0:difficulty><d2l_2p0:isbonus>no</d2l_2p0:isbonus><d2l_2p0:ismandatory>no</d2l_2p0:ismandatory></itemref><itemref linkrefid="QUES_1500926_1700011" d2l_2p0:page="1"><d2l_2p0:file href="questiondb.xml" /><d2l_2p0:points>0.000000000</d2l_2p0:points><d2l_2p0:difficulty>0</d2l_2p0:difficulty><d2l_2p0:isbonus>no</d2l_2p0:isbonus><d2l_2p0:ismandatory>no</d2l_2p0:ismandatory></itemref><itemref linkrefid="QUES_1500927_1700012" d2l_2p0:page="1"><d2l_2p0:file href="questiondb.xml" /><d2l_2p0:points>1.000000000</d2l_2p0:points><d2l_2p0:difficulty>1</d2l_2p0:difficulty><d2l_2p0:isbonus>no</d2l_2p0:isbonus><d2l_2p0:ismandatory>no</d2l_2p0:ismandatory></itemref><itemref linkrefid="QUES_1500928_1700013" d2l_2p0:page="1"><d2l_2p0:file href="questiondb.xml" /><d2l_2p0:points>1.000000000</d2l_2p0:points><d2l_2p0:difficulty>1</d2l_2p0:difficulty><d2l_2p0:isbonus>no</d2l_2p0:isbonus><d2l_2p0:ismandatory>no</d2l_2p0:ismandatory></itemref><itemref linkrefid="QUES_1500929_1700014" d2l_2p0:page="1"><d2l_2p0:file href="questiondb.xml" /><d2l_2p0:points>1.000000000</d2l_2p0:points><d2l_2p0:difficulty>1</d2l_2p0:difficulty><d2l_2p0:isbonus>no</d2l_2p0:isbonus><d2l_2p0:ismandatory>no</d2l_2p0:ismandatory></itemref><itemref linkrefid="QUES_1500930_1700015" d2l_2p0:page="1"><d2l_2p0:file href="questiondb.xml" /><d2l_2p0:points>1.000000000</d2l_2p0:points><d2l_2p0:difficulty>1</d2l_2p0:difficulty><d2l_2p0:isbonus>no</d2l_2p0:isbonus><d2l_2p0:ismandatory>no</d2l_2p0:ismandatory></itemref></section></section></assessment></questestinterop>