﻿<?xml version="1.0" encoding="UTF-8"?><questestinterop xmlns:d2l_2p0="http://desire2learn.com/xsd/d2lcp_v2p0"><assessment d2l_2p0:id="1461" title="Lesson 20: Group Meeting Quiz" ident="res_quiz_494072" d2l_2p0:resource_code="qrc-quiz_gr_20"><rubric><flow_mat><material><mattext d2l_2p0:isdisplayed="no" texttype="text/html" /></material></flow_mat></rubric><assessmentcontrol hintswitch="no" solutionswitch="yes" feedbackswitch="no" /><presentation_material><flow_mat><material label="page header"><mattext d2l_2p0:isdisplayed="no" texttype="text/html" /></material><material label="page footer"><mattext d2l_2p0:isdisplayed="no" texttype="text/html" /></material></flow_mat></presentation_material><assess_procextension><d2l_2p0:intro_message d2l_2p0:isdisplayed="yes" texttype="text/html">&lt;p&gt;&lt;img alt='Course Banner' src='./Web_Files/Images/smallBanner.jpg' width='100%' /&gt;&lt;/p&gt;&lt;p&gt;&lt;span style='font-size: 14pt;'&gt;You should take this quiz with your group during your &lt;a href='./Course_Files/Lesson_20_Group_Meeting.html' target='_blank'&gt;Lesson 20: Group Meeting&lt;/a&gt;. The link to the left gives you the instructions for your meeting. &lt;/span&gt;&lt;/p&gt;&lt;ul&gt;&lt;li&gt;&lt;span style='font-size: 14pt;'&gt;You will have 2 attempts to complete this quiz. &lt;/span&gt;&lt;/li&gt;&lt;li&gt;&lt;span style='font-size: 14pt;'&gt;You can view your previous attempts at any time. While on this page, click on the down arrow that's located directly to the right of the title. A drop down menu will appear where you can select a previous attempt.&lt;/span&gt;&lt;/li&gt;&lt;li&gt;&lt;span style='font-size: 14pt;'&gt;The solutions to all of the quiz questions will become available after the end date for the quiz.&lt;/span&gt;&lt;/li&gt;&lt;/ul&gt;</d2l_2p0:intro_message><category ident="93877" d2l_2p0:sortorder="1">Preparation</category><grade_item d2l_2p0:is_autoexport="yes" resource_code="grc-quiz_gr_20">1151948</grade_item><d2l_2p0:disable_right_click>no</d2l_2p0:disable_right_click><d2l_2p0:disable_pager_access>no</d2l_2p0:disable_pager_access><is_active>yes</is_active><d2l_2p0:date_start /><d2l_2p0:date_end><d2l_2p0:timestamp><d2l_2p0:month>3</d2l_2p0:month><d2l_2p0:day>21</d2l_2p0:day><d2l_2p0:year>2017</d2l_2p0:year><d2l_2p0:hour>23</d2l_2p0:hour><d2l_2p0:minutes>55</d2l_2p0:minutes><d2l_2p0:seconds>0</d2l_2p0:seconds></d2l_2p0:timestamp></d2l_2p0:date_end><d2l_2p0:has_schedule_event>no</d2l_2p0:has_schedule_event><d2l_2p0:is_attempt_Rldb>no</d2l_2p0:is_attempt_Rldb><d2l_2p0:is_subview_Rldb>no</d2l_2p0:is_subview_Rldb><d2l_2p0:time_limit>60</d2l_2p0:time_limit><d2l_2p0:show_clock>no</d2l_2p0:show_clock><d2l_2p0:enforce_time_limit>no</d2l_2p0:enforce_time_limit><d2l_2p0:grace_period>5</d2l_2p0:grace_period><d2l_2p0:late_limit>0</d2l_2p0:late_limit><d2l_2p0:attempts_allowed>2</d2l_2p0:attempts_allowed><d2l_2p0:attempt_restrictions /><d2l_2p0:mark_calculation_type>1</d2l_2p0:mark_calculation_type><d2l_2p0:is_forward_only>no</d2l_2p0:is_forward_only></assess_procextension><assessfeedback title=""><rubric><flow_mat><material><mattext texttype="yes">&lt;p&gt;Your quiz has been submitted successfully.&lt;/p&gt;</mattext></material></flow_mat></rubric><d2l_2p0:duration>0</d2l_2p0:duration><d2l_2p0:response_display_type_id>2</d2l_2p0:response_display_type_id><d2l_2p0:show_correct_answers>no</d2l_2p0:show_correct_answers><d2l_2p0:submission_restrictip>no</d2l_2p0:submission_restrictip><d2l_2p0:show_class_average>no</d2l_2p0:show_class_average><d2l_2p0:show_score_distribution>no</d2l_2p0:show_score_distribution></assessfeedback><assessfeedback title="Show Solutions After Due Date"><rubric><flow_mat><material><mattext texttype="yes" /></material></flow_mat></rubric><release_date><d2l_2p0:timestamp><d2l_2p0:month>3</d2l_2p0:month><d2l_2p0:day>21</d2l_2p0:day><d2l_2p0:year>2017</d2l_2p0:year><d2l_2p0:hour>23</d2l_2p0:hour><d2l_2p0:minutes>55</d2l_2p0:minutes><d2l_2p0:seconds>0</d2l_2p0:seconds></d2l_2p0:timestamp></release_date><d2l_2p0:duration>0</d2l_2p0:duration><d2l_2p0:response_display_type_id>2</d2l_2p0:response_display_type_id><d2l_2p0:show_correct_answers>yes</d2l_2p0:show_correct_answers><d2l_2p0:submission_restrictip>no</d2l_2p0:submission_restrictip><d2l_2p0:show_class_average>no</d2l_2p0:show_class_average><d2l_2p0:show_score_distribution>no</d2l_2p0:show_score_distribution></assessfeedback><section ident="CONTAINER_SECTION"><section title="Self Report (F2F)" d2l_2p0:page="1" ident="SECT_9808340"><sectionproc_extension><d2l_2p0:display_section_name>no</d2l_2p0:display_section_name><d2l_2p0:display_section_line>no</d2l_2p0:display_section_line><d2l_2p0:type_display_section>0</d2l_2p0:type_display_section></sectionproc_extension><itemref linkrefid="QUES_1500443_1699528" d2l_2p0:page="1"><d2l_2p0:file href="questiondb.xml" /><d2l_2p0:points>2.000000000</d2l_2p0:points><d2l_2p0:difficulty>1</d2l_2p0:difficulty><d2l_2p0:isbonus>no</d2l_2p0:isbonus><d2l_2p0:ismandatory>no</d2l_2p0:ismandatory></itemref><itemref linkrefid="QUES_1500444_1699529" d2l_2p0:page="1"><d2l_2p0:file href="questiondb.xml" /><d2l_2p0:points>2.000000000</d2l_2p0:points><d2l_2p0:difficulty>1</d2l_2p0:difficulty><d2l_2p0:isbonus>no</d2l_2p0:isbonus><d2l_2p0:ismandatory>no</d2l_2p0:ismandatory></itemref><itemref linkrefid="QUES_1500445_1699530" d2l_2p0:page="1"><d2l_2p0:file href="questiondb.xml" /><d2l_2p0:points>1.000000000</d2l_2p0:points><d2l_2p0:difficulty>1</d2l_2p0:difficulty><d2l_2p0:isbonus>no</d2l_2p0:isbonus><d2l_2p0:ismandatory>no</d2l_2p0:ismandatory></itemref></section><section title="Group Questions" d2l_2p0:page="1" ident="SECT_9808344"><sectionproc_extension><d2l_2p0:display_section_name>no</d2l_2p0:display_section_name><d2l_2p0:display_section_line>no</d2l_2p0:display_section_line><d2l_2p0:type_display_section>0</d2l_2p0:type_display_section></sectionproc_extension><itemref linkrefid="QUES_1501071_1700156" d2l_2p0:page="1"><d2l_2p0:file href="questiondb.xml" /><d2l_2p0:points>0.000000000</d2l_2p0:points><d2l_2p0:difficulty>0</d2l_2p0:difficulty><d2l_2p0:isbonus>no</d2l_2p0:isbonus><d2l_2p0:ismandatory>no</d2l_2p0:ismandatory></itemref><itemref linkrefid="QUES_1501072_1700157" d2l_2p0:page="1"><d2l_2p0:file href="questiondb.xml" /><d2l_2p0:points>1.000000000</d2l_2p0:points><d2l_2p0:difficulty>1</d2l_2p0:difficulty><d2l_2p0:isbonus>no</d2l_2p0:isbonus><d2l_2p0:ismandatory>no</d2l_2p0:ismandatory></itemref><itemref linkrefid="QUES_1501073_1700158" d2l_2p0:page="1"><d2l_2p0:file href="questiondb.xml" /><d2l_2p0:points>0.000000000</d2l_2p0:points><d2l_2p0:difficulty>0</d2l_2p0:difficulty><d2l_2p0:isbonus>no</d2l_2p0:isbonus><d2l_2p0:ismandatory>no</d2l_2p0:ismandatory></itemref><itemref linkrefid="QUES_1501074_1700159" d2l_2p0:page="1"><d2l_2p0:file href="questiondb.xml" /><d2l_2p0:points>1.000000000</d2l_2p0:points><d2l_2p0:difficulty>1</d2l_2p0:difficulty><d2l_2p0:isbonus>no</d2l_2p0:isbonus><d2l_2p0:ismandatory>no</d2l_2p0:ismandatory></itemref><itemref linkrefid="QUES_1501075_1700160" d2l_2p0:page="1"><d2l_2p0:file href="questiondb.xml" /><d2l_2p0:points>1.000000000</d2l_2p0:points><d2l_2p0:difficulty>1</d2l_2p0:difficulty><d2l_2p0:isbonus>no</d2l_2p0:isbonus><d2l_2p0:ismandatory>no</d2l_2p0:ismandatory></itemref><itemref linkrefid="QUES_1501076_1700161" d2l_2p0:page="1"><d2l_2p0:file href="questiondb.xml" /><d2l_2p0:points>1.000000000</d2l_2p0:points><d2l_2p0:difficulty>1</d2l_2p0:difficulty><d2l_2p0:isbonus>no</d2l_2p0:isbonus><d2l_2p0:ismandatory>no</d2l_2p0:ismandatory></itemref><itemref linkrefid="QUES_1501077_1700162" d2l_2p0:page="1"><d2l_2p0:file href="questiondb.xml" /><d2l_2p0:points>1.000000000</d2l_2p0:points><d2l_2p0:difficulty>1</d2l_2p0:difficulty><d2l_2p0:isbonus>no</d2l_2p0:isbonus><d2l_2p0:ismandatory>no</d2l_2p0:ismandatory></itemref><itemref linkrefid="QUES_1501078_1700163" d2l_2p0:page="1"><d2l_2p0:file href="questiondb.xml" /><d2l_2p0:points>0.000000000</d2l_2p0:points><d2l_2p0:difficulty>0</d2l_2p0:difficulty><d2l_2p0:isbonus>no</d2l_2p0:isbonus><d2l_2p0:ismandatory>no</d2l_2p0:ismandatory></itemref><itemref linkrefid="QUES_1501079_1700164" d2l_2p0:page="1"><d2l_2p0:file href="questiondb.xml" /><d2l_2p0:points>1.000000000</d2l_2p0:points><d2l_2p0:difficulty>1</d2l_2p0:difficulty><d2l_2p0:isbonus>no</d2l_2p0:isbonus><d2l_2p0:ismandatory>no</d2l_2p0:ismandatory></itemref><itemref linkrefid="QUES_1501080_1700165" d2l_2p0:page="1"><d2l_2p0:file href="questiondb.xml" /><d2l_2p0:points>1.000000000</d2l_2p0:points><d2l_2p0:difficulty>1</d2l_2p0:difficulty><d2l_2p0:isbonus>no</d2l_2p0:isbonus><d2l_2p0:ismandatory>no</d2l_2p0:ismandatory></itemref><itemref linkrefid="QUES_1501081_1700166" d2l_2p0:page="1"><d2l_2p0:file href="questiondb.xml" /><d2l_2p0:points>1.000000000</d2l_2p0:points><d2l_2p0:difficulty>1</d2l_2p0:difficulty><d2l_2p0:isbonus>no</d2l_2p0:isbonus><d2l_2p0:ismandatory>no</d2l_2p0:ismandatory></itemref><itemref linkrefid="QUES_1501082_1700167" d2l_2p0:page="1"><d2l_2p0:file href="questiondb.xml" /><d2l_2p0:points>1.000000000</d2l_2p0:points><d2l_2p0:difficulty>1</d2l_2p0:difficulty><d2l_2p0:isbonus>no</d2l_2p0:isbonus><d2l_2p0:ismandatory>no</d2l_2p0:ismandatory></itemref><itemref linkrefid="QUES_1501083_1700168" d2l_2p0:page="1"><d2l_2p0:file href="questiondb.xml" /><d2l_2p0:points>1.000000000</d2l_2p0:points><d2l_2p0:difficulty>1</d2l_2p0:difficulty><d2l_2p0:isbonus>no</d2l_2p0:isbonus><d2l_2p0:ismandatory>no</d2l_2p0:ismandatory></itemref><itemref linkrefid="QUES_1501084_1700169" d2l_2p0:page="1"><d2l_2p0:file href="questiondb.xml" /><d2l_2p0:points>1.000000000</d2l_2p0:points><d2l_2p0:difficulty>1</d2l_2p0:difficulty><d2l_2p0:isbonus>no</d2l_2p0:isbonus><d2l_2p0:ismandatory>no</d2l_2p0:ismandatory></itemref><itemref linkrefid="QUES_1501085_1700170" d2l_2p0:page="1"><d2l_2p0:file href="questiondb.xml" /><d2l_2p0:points>0.000000000</d2l_2p0:points><d2l_2p0:difficulty>0</d2l_2p0:difficulty><d2l_2p0:isbonus>no</d2l_2p0:isbonus><d2l_2p0:ismandatory>no</d2l_2p0:ismandatory></itemref><itemref linkrefid="QUES_1501086_1700171" d2l_2p0:page="1"><d2l_2p0:file href="questiondb.xml" /><d2l_2p0:points>1.000000000</d2l_2p0:points><d2l_2p0:difficulty>1</d2l_2p0:difficulty><d2l_2p0:isbonus>no</d2l_2p0:isbonus><d2l_2p0:ismandatory>no</d2l_2p0:ismandatory></itemref><itemref linkrefid="QUES_1501087_1700172" d2l_2p0:page="1"><d2l_2p0:file href="questiondb.xml" /><d2l_2p0:points>1.000000000</d2l_2p0:points><d2l_2p0:difficulty>1</d2l_2p0:difficulty><d2l_2p0:isbonus>no</d2l_2p0:isbonus><d2l_2p0:ismandatory>no</d2l_2p0:ismandatory></itemref><itemref linkrefid="QUES_1501088_1700173" d2l_2p0:page="1"><d2l_2p0:file href="questiondb.xml" /><d2l_2p0:points>1.000000000</d2l_2p0:points><d2l_2p0:difficulty>1</d2l_2p0:difficulty><d2l_2p0:isbonus>no</d2l_2p0:isbonus><d2l_2p0:ismandatory>no</d2l_2p0:ismandatory></itemref><itemref linkrefid="QUES_1501089_1700174" d2l_2p0:page="1"><d2l_2p0:file href="questiondb.xml" /><d2l_2p0:points>0.000000000</d2l_2p0:points><d2l_2p0:difficulty>0</d2l_2p0:difficulty><d2l_2p0:isbonus>no</d2l_2p0:isbonus><d2l_2p0:ismandatory>no</d2l_2p0:ismandatory></itemref><itemref linkrefid="QUES_1501090_1700175" d2l_2p0:page="1"><d2l_2p0:file href="questiondb.xml" /><d2l_2p0:points>0.000000000</d2l_2p0:points><d2l_2p0:difficulty>0</d2l_2p0:difficulty><d2l_2p0:isbonus>no</d2l_2p0:isbonus><d2l_2p0:ismandatory>no</d2l_2p0:ismandatory></itemref><itemref linkrefid="QUES_1501091_1700176" d2l_2p0:page="1"><d2l_2p0:file href="questiondb.xml" /><d2l_2p0:points>1.000000000</d2l_2p0:points><d2l_2p0:difficulty>1</d2l_2p0:difficulty><d2l_2p0:isbonus>no</d2l_2p0:isbonus><d2l_2p0:ismandatory>no</d2l_2p0:ismandatory></itemref><itemref linkrefid="QUES_1501092_1700177" d2l_2p0:page="1"><d2l_2p0:file href="questiondb.xml" /><d2l_2p0:points>0.500000000</d2l_2p0:points><d2l_2p0:difficulty>1</d2l_2p0:difficulty><d2l_2p0:isbonus>no</d2l_2p0:isbonus><d2l_2p0:ismandatory>no</d2l_2p0:ismandatory></itemref><itemref linkrefid="QUES_1501093_1700178" d2l_2p0:page="1"><d2l_2p0:file href="questiondb.xml" /><d2l_2p0:points>0.500000000</d2l_2p0:points><d2l_2p0:difficulty>1</d2l_2p0:difficulty><d2l_2p0:isbonus>no</d2l_2p0:isbonus><d2l_2p0:ismandatory>no</d2l_2p0:ismandatory></itemref><itemref linkrefid="QUES_1501094_1700179" d2l_2p0:page="1"><d2l_2p0:file href="questiondb.xml" /><d2l_2p0:points>1.000000000</d2l_2p0:points><d2l_2p0:difficulty>1</d2l_2p0:difficulty><d2l_2p0:isbonus>no</d2l_2p0:isbonus><d2l_2p0:ismandatory>no</d2l_2p0:ismandatory></itemref><itemref linkrefid="QUES_1501095_1700180" d2l_2p0:page="1"><d2l_2p0:file href="questiondb.xml" /><d2l_2p0:points>1.000000000</d2l_2p0:points><d2l_2p0:difficulty>1</d2l_2p0:difficulty><d2l_2p0:isbonus>no</d2l_2p0:isbonus><d2l_2p0:ismandatory>no</d2l_2p0:ismandatory></itemref><itemref linkrefid="QUES_1501096_1700181" d2l_2p0:page="1"><d2l_2p0:file href="questiondb.xml" /><d2l_2p0:points>1.000000000</d2l_2p0:points><d2l_2p0:difficulty>1</d2l_2p0:difficulty><d2l_2p0:isbonus>no</d2l_2p0:isbonus><d2l_2p0:ismandatory>no</d2l_2p0:ismandatory></itemref><itemref linkrefid="QUES_1501097_1700182" d2l_2p0:page="1"><d2l_2p0:file href="questiondb.xml" /><d2l_2p0:points>1.000000000</d2l_2p0:points><d2l_2p0:difficulty>1</d2l_2p0:difficulty><d2l_2p0:isbonus>no</d2l_2p0:isbonus><d2l_2p0:ismandatory>no</d2l_2p0:ismandatory></itemref><itemref linkrefid="QUES_1501098_1700183" d2l_2p0:page="1"><d2l_2p0:file href="questiondb.xml" /><d2l_2p0:points>0.000000000</d2l_2p0:points><d2l_2p0:difficulty>0</d2l_2p0:difficulty><d2l_2p0:isbonus>no</d2l_2p0:isbonus><d2l_2p0:ismandatory>no</d2l_2p0:ismandatory></itemref><itemref linkrefid="QUES_1501099_1700184" d2l_2p0:page="1"><d2l_2p0:file href="questiondb.xml" /><d2l_2p0:points>1.000000000</d2l_2p0:points><d2l_2p0:difficulty>1</d2l_2p0:difficulty><d2l_2p0:isbonus>no</d2l_2p0:isbonus><d2l_2p0:ismandatory>no</d2l_2p0:ismandatory></itemref><itemref linkrefid="QUES_1501100_1700185" d2l_2p0:page="1"><d2l_2p0:file href="questiondb.xml" /><d2l_2p0:points>1.000000000</d2l_2p0:points><d2l_2p0:difficulty>1</d2l_2p0:difficulty><d2l_2p0:isbonus>no</d2l_2p0:isbonus><d2l_2p0:ismandatory>no</d2l_2p0:ismandatory></itemref><itemref linkrefid="QUES_1501101_1700186" d2l_2p0:page="1"><d2l_2p0:file href="questiondb.xml" /><d2l_2p0:points>1.000000000</d2l_2p0:points><d2l_2p0:difficulty>1</d2l_2p0:difficulty><d2l_2p0:isbonus>no</d2l_2p0:isbonus><d2l_2p0:ismandatory>no</d2l_2p0:ismandatory></itemref><itemref linkrefid="QUES_1501102_1700187" d2l_2p0:page="1"><d2l_2p0:file href="questiondb.xml" /><d2l_2p0:points>1.000000000</d2l_2p0:points><d2l_2p0:difficulty>1</d2l_2p0:difficulty><d2l_2p0:isbonus>no</d2l_2p0:isbonus><d2l_2p0:ismandatory>no</d2l_2p0:ismandatory></itemref><itemref linkrefid="QUES_1501103_1700188" d2l_2p0:page="1"><d2l_2p0:file href="questiondb.xml" /><d2l_2p0:points>0.000000000</d2l_2p0:points><d2l_2p0:difficulty>0</d2l_2p0:difficulty><d2l_2p0:isbonus>no</d2l_2p0:isbonus><d2l_2p0:ismandatory>no</d2l_2p0:ismandatory></itemref><itemref linkrefid="QUES_1501104_1700189" d2l_2p0:page="1"><d2l_2p0:file href="questiondb.xml" /><d2l_2p0:points>0.000000000</d2l_2p0:points><d2l_2p0:difficulty>0</d2l_2p0:difficulty><d2l_2p0:isbonus>no</d2l_2p0:isbonus><d2l_2p0:ismandatory>no</d2l_2p0:ismandatory></itemref><itemref linkrefid="QUES_1501105_1700190" d2l_2p0:page="1"><d2l_2p0:file href="questiondb.xml" /><d2l_2p0:points>0.500000000</d2l_2p0:points><d2l_2p0:difficulty>1</d2l_2p0:difficulty><d2l_2p0:isbonus>no</d2l_2p0:isbonus><d2l_2p0:ismandatory>no</d2l_2p0:ismandatory></itemref><itemref linkrefid="QUES_1501106_1700191" d2l_2p0:page="1"><d2l_2p0:file href="questiondb.xml" /><d2l_2p0:points>0.500000000</d2l_2p0:points><d2l_2p0:difficulty>1</d2l_2p0:difficulty><d2l_2p0:isbonus>no</d2l_2p0:isbonus><d2l_2p0:ismandatory>no</d2l_2p0:ismandatory></itemref><itemref linkrefid="QUES_1501107_1700192" d2l_2p0:page="1"><d2l_2p0:file href="questiondb.xml" /><d2l_2p0:points>1.000000000</d2l_2p0:points><d2l_2p0:difficulty>1</d2l_2p0:difficulty><d2l_2p0:isbonus>no</d2l_2p0:isbonus><d2l_2p0:ismandatory>no</d2l_2p0:ismandatory></itemref><itemref linkrefid="QUES_1501108_1700193" d2l_2p0:page="1"><d2l_2p0:file href="questiondb.xml" /><d2l_2p0:points>0.000000000</d2l_2p0:points><d2l_2p0:difficulty>0</d2l_2p0:difficulty><d2l_2p0:isbonus>no</d2l_2p0:isbonus><d2l_2p0:ismandatory>no</d2l_2p0:ismandatory></itemref><itemref linkrefid="QUES_1501109_1700194" d2l_2p0:page="1"><d2l_2p0:file href="questiondb.xml" /><d2l_2p0:points>1.000000000</d2l_2p0:points><d2l_2p0:difficulty>1</d2l_2p0:difficulty><d2l_2p0:isbonus>no</d2l_2p0:isbonus><d2l_2p0:ismandatory>no</d2l_2p0:ismandatory></itemref><itemref linkrefid="QUES_1501110_1700195" d2l_2p0:page="1"><d2l_2p0:file href="questiondb.xml" /><d2l_2p0:points>1.000000000</d2l_2p0:points><d2l_2p0:difficulty>1</d2l_2p0:difficulty><d2l_2p0:isbonus>no</d2l_2p0:isbonus><d2l_2p0:ismandatory>no</d2l_2p0:ismandatory></itemref><itemref linkrefid="QUES_1501111_1700196" d2l_2p0:page="1"><d2l_2p0:file href="questiondb.xml" /><d2l_2p0:points>1.000000000</d2l_2p0:points><d2l_2p0:difficulty>1</d2l_2p0:difficulty><d2l_2p0:isbonus>no</d2l_2p0:isbonus><d2l_2p0:ismandatory>no</d2l_2p0:ismandatory></itemref><itemref linkrefid="QUES_1501112_1700197" d2l_2p0:page="1"><d2l_2p0:file href="questiondb.xml" /><d2l_2p0:points>1.000000000</d2l_2p0:points><d2l_2p0:difficulty>1</d2l_2p0:difficulty><d2l_2p0:isbonus>no</d2l_2p0:isbonus><d2l_2p0:ismandatory>no</d2l_2p0:ismandatory></itemref><itemref linkrefid="QUES_1501113_1700198" d2l_2p0:page="1"><d2l_2p0:file href="questiondb.xml" /><d2l_2p0:points>1.000000000</d2l_2p0:points><d2l_2p0:difficulty>1</d2l_2p0:difficulty><d2l_2p0:isbonus>no</d2l_2p0:isbonus><d2l_2p0:ismandatory>no</d2l_2p0:ismandatory></itemref><itemref linkrefid="QUES_1501114_1700199" d2l_2p0:page="1"><d2l_2p0:file href="questiondb.xml" /><d2l_2p0:points>0.000000000</d2l_2p0:points><d2l_2p0:difficulty>0</d2l_2p0:difficulty><d2l_2p0:isbonus>no</d2l_2p0:isbonus><d2l_2p0:ismandatory>no</d2l_2p0:ismandatory></itemref><itemref linkrefid="QUES_1501115_1700200" d2l_2p0:page="1"><d2l_2p0:file href="questiondb.xml" /><d2l_2p0:points>1.000000000</d2l_2p0:points><d2l_2p0:difficulty>1</d2l_2p0:difficulty><d2l_2p0:isbonus>no</d2l_2p0:isbonus><d2l_2p0:ismandatory>no</d2l_2p0:ismandatory></itemref><itemref linkrefid="QUES_1501116_1700201" d2l_2p0:page="1"><d2l_2p0:file href="questiondb.xml" /><d2l_2p0:points>1.000000000</d2l_2p0:points><d2l_2p0:difficulty>1</d2l_2p0:difficulty><d2l_2p0:isbonus>no</d2l_2p0:isbonus><d2l_2p0:ismandatory>no</d2l_2p0:ismandatory></itemref><itemref linkrefid="QUES_1501117_1700202" d2l_2p0:page="1"><d2l_2p0:file href="questiondb.xml" /><d2l_2p0:points>0.000000000</d2l_2p0:points><d2l_2p0:difficulty>0</d2l_2p0:difficulty><d2l_2p0:isbonus>no</d2l_2p0:isbonus><d2l_2p0:ismandatory>no</d2l_2p0:ismandatory></itemref><itemref linkrefid="QUES_1501118_1700203" d2l_2p0:page="1"><d2l_2p0:file href="questiondb.xml" /><d2l_2p0:points>1.000000000</d2l_2p0:points><d2l_2p0:difficulty>1</d2l_2p0:difficulty><d2l_2p0:isbonus>no</d2l_2p0:isbonus><d2l_2p0:ismandatory>no</d2l_2p0:ismandatory></itemref><itemref linkrefid="QUES_1501119_1700204" d2l_2p0:page="1"><d2l_2p0:file href="questiondb.xml" /><d2l_2p0:points>1.000000000</d2l_2p0:points><d2l_2p0:difficulty>1</d2l_2p0:difficulty><d2l_2p0:isbonus>no</d2l_2p0:isbonus><d2l_2p0:ismandatory>no</d2l_2p0:ismandatory></itemref><itemref linkrefid="QUES_1501120_1700205" d2l_2p0:page="1"><d2l_2p0:file href="questiondb.xml" /><d2l_2p0:points>1.000000000</d2l_2p0:points><d2l_2p0:difficulty>1</d2l_2p0:difficulty><d2l_2p0:isbonus>no</d2l_2p0:isbonus><d2l_2p0:ismandatory>no</d2l_2p0:ismandatory></itemref><itemref linkrefid="QUES_1501121_1700206" d2l_2p0:page="1"><d2l_2p0:file href="questiondb.xml" /><d2l_2p0:points>1.000000000</d2l_2p0:points><d2l_2p0:difficulty>1</d2l_2p0:difficulty><d2l_2p0:isbonus>no</d2l_2p0:isbonus><d2l_2p0:ismandatory>no</d2l_2p0:ismandatory></itemref><itemref linkrefid="QUES_1501122_1700207" d2l_2p0:page="1"><d2l_2p0:file href="questiondb.xml" /><d2l_2p0:points>0.000000000</d2l_2p0:points><d2l_2p0:difficulty>0</d2l_2p0:difficulty><d2l_2p0:isbonus>no</d2l_2p0:isbonus><d2l_2p0:ismandatory>no</d2l_2p0:ismandatory></itemref><itemref linkrefid="QUES_1501123_1700208" d2l_2p0:page="1"><d2l_2p0:file href="questiondb.xml" /><d2l_2p0:points>1.000000000</d2l_2p0:points><d2l_2p0:difficulty>1</d2l_2p0:difficulty><d2l_2p0:isbonus>no</d2l_2p0:isbonus><d2l_2p0:ismandatory>no</d2l_2p0:ismandatory></itemref><itemref linkrefid="QUES_1501124_1700209" d2l_2p0:page="1"><d2l_2p0:file href="questiondb.xml" /><d2l_2p0:points>1.000000000</d2l_2p0:points><d2l_2p0:difficulty>1</d2l_2p0:difficulty><d2l_2p0:isbonus>no</d2l_2p0:isbonus><d2l_2p0:ismandatory>no</d2l_2p0:ismandatory></itemref><itemref linkrefid="QUES_1501125_1700210" d2l_2p0:page="1"><d2l_2p0:file href="questiondb.xml" /><d2l_2p0:points>1.000000000</d2l_2p0:points><d2l_2p0:difficulty>1</d2l_2p0:difficulty><d2l_2p0:isbonus>no</d2l_2p0:isbonus><d2l_2p0:ismandatory>no</d2l_2p0:ismandatory></itemref><itemref linkrefid="QUES_1501126_1700211" d2l_2p0:page="1"><d2l_2p0:file href="questiondb.xml" /><d2l_2p0:points>1.000000000</d2l_2p0:points><d2l_2p0:difficulty>1</d2l_2p0:difficulty><d2l_2p0:isbonus>no</d2l_2p0:isbonus><d2l_2p0:ismandatory>no</d2l_2p0:ismandatory></itemref><itemref linkrefid="QUES_1501127_1700212" d2l_2p0:page="1"><d2l_2p0:file href="questiondb.xml" /><d2l_2p0:points>1.000000000</d2l_2p0:points><d2l_2p0:difficulty>1</d2l_2p0:difficulty><d2l_2p0:isbonus>no</d2l_2p0:isbonus><d2l_2p0:ismandatory>no</d2l_2p0:ismandatory></itemref><itemref linkrefid="QUES_1501128_1700213" d2l_2p0:page="1"><d2l_2p0:file href="questiondb.xml" /><d2l_2p0:points>1.000000000</d2l_2p0:points><d2l_2p0:difficulty>1</d2l_2p0:difficulty><d2l_2p0:isbonus>no</d2l_2p0:isbonus><d2l_2p0:ismandatory>no</d2l_2p0:ismandatory></itemref></section></section></assessment></questestinterop>