﻿<?xml version="1.0" encoding="UTF-8"?><questestinterop xmlns:d2l_2p0="http://desire2learn.com/xsd/d2lcp_v2p0"><assessment d2l_2p0:id="1448" title="Lesson 07: Group Meeting Quiz" ident="res_quiz_494046" d2l_2p0:resource_code="qrc-quiz_gr_07"><rubric><flow_mat><material><mattext d2l_2p0:isdisplayed="no" texttype="text/html" /></material></flow_mat></rubric><assessmentcontrol hintswitch="no" solutionswitch="yes" feedbackswitch="no" /><presentation_material><flow_mat><material label="page header"><mattext d2l_2p0:isdisplayed="no" texttype="text/html" /></material><material label="page footer"><mattext d2l_2p0:isdisplayed="no" texttype="text/html" /></material></flow_mat></presentation_material><assess_procextension><d2l_2p0:intro_message d2l_2p0:isdisplayed="yes" texttype="text/html">&lt;p&gt;&lt;img alt='Course Banner' src='./Web_Files/Images/smallBanner.jpg' width='100%' /&gt;&lt;/p&gt;&lt;p&gt;&lt;span style='font-size: 14pt;'&gt;You should take this quiz with your group during your &lt;a href='./Course_Files/Lesson_07_Group_Meeting.html' target='_blank'&gt;Lesson 07: Group Meeting&lt;/a&gt;. The link to the left gives you the instructions for your meeting. &lt;/span&gt;&lt;/p&gt;&lt;ul&gt;&lt;li&gt;&lt;span style='font-size: 14pt;'&gt;You will have 2 attempts to complete this quiz. &lt;/span&gt;&lt;/li&gt;&lt;li&gt;&lt;span style='font-size: 14pt;'&gt;You can view your previous attempts at any time. While on this page, click on the down arrow that's located directly to the right of the title. A drop down menu will appear where you can select a previous attempt.&lt;/span&gt;&lt;/li&gt;&lt;li&gt;&lt;span style='font-size: 14pt;'&gt;The solutions to all of the quiz questions will become available after the end date for the quiz.&lt;/span&gt;&lt;/li&gt;&lt;/ul&gt;</d2l_2p0:intro_message><category ident="93877" d2l_2p0:sortorder="1">Preparation</category><grade_item d2l_2p0:is_autoexport="yes" resource_code="grc-quiz_gr_07">1151909</grade_item><d2l_2p0:disable_right_click>no</d2l_2p0:disable_right_click><d2l_2p0:disable_pager_access>no</d2l_2p0:disable_pager_access><is_active>yes</is_active><d2l_2p0:date_start /><d2l_2p0:date_end><d2l_2p0:timestamp><d2l_2p0:month>1</d2l_2p0:month><d2l_2p0:day>31</d2l_2p0:day><d2l_2p0:year>2017</d2l_2p0:year><d2l_2p0:hour>23</d2l_2p0:hour><d2l_2p0:minutes>55</d2l_2p0:minutes><d2l_2p0:seconds>0</d2l_2p0:seconds></d2l_2p0:timestamp></d2l_2p0:date_end><d2l_2p0:has_schedule_event>no</d2l_2p0:has_schedule_event><d2l_2p0:is_attempt_Rldb>no</d2l_2p0:is_attempt_Rldb><d2l_2p0:is_subview_Rldb>no</d2l_2p0:is_subview_Rldb><d2l_2p0:time_limit>60</d2l_2p0:time_limit><d2l_2p0:show_clock>no</d2l_2p0:show_clock><d2l_2p0:enforce_time_limit>no</d2l_2p0:enforce_time_limit><d2l_2p0:grace_period>5</d2l_2p0:grace_period><d2l_2p0:late_limit>0</d2l_2p0:late_limit><d2l_2p0:attempts_allowed>2</d2l_2p0:attempts_allowed><d2l_2p0:attempt_restrictions /><d2l_2p0:mark_calculation_type>1</d2l_2p0:mark_calculation_type><d2l_2p0:is_forward_only>no</d2l_2p0:is_forward_only></assess_procextension><assessfeedback title=""><rubric><flow_mat><material><mattext texttype="yes">&lt;p&gt;Your quiz has been submitted successfully.&lt;/p&gt;</mattext></material></flow_mat></rubric><d2l_2p0:duration>0</d2l_2p0:duration><d2l_2p0:response_display_type_id>2</d2l_2p0:response_display_type_id><d2l_2p0:show_correct_answers>no</d2l_2p0:show_correct_answers><d2l_2p0:submission_restrictip>no</d2l_2p0:submission_restrictip><d2l_2p0:show_class_average>no</d2l_2p0:show_class_average><d2l_2p0:show_score_distribution>no</d2l_2p0:show_score_distribution></assessfeedback><assessfeedback title="Show Solutions After Due Date"><rubric><flow_mat><material><mattext texttype="yes" /></material></flow_mat></rubric><release_date><d2l_2p0:timestamp><d2l_2p0:month>1</d2l_2p0:month><d2l_2p0:day>31</d2l_2p0:day><d2l_2p0:year>2017</d2l_2p0:year><d2l_2p0:hour>23</d2l_2p0:hour><d2l_2p0:minutes>55</d2l_2p0:minutes><d2l_2p0:seconds>0</d2l_2p0:seconds></d2l_2p0:timestamp></release_date><d2l_2p0:duration>0</d2l_2p0:duration><d2l_2p0:response_display_type_id>2</d2l_2p0:response_display_type_id><d2l_2p0:show_correct_answers>yes</d2l_2p0:show_correct_answers><d2l_2p0:submission_restrictip>no</d2l_2p0:submission_restrictip><d2l_2p0:show_class_average>no</d2l_2p0:show_class_average><d2l_2p0:show_score_distribution>no</d2l_2p0:show_score_distribution></assessfeedback><section ident="CONTAINER_SECTION"><section title="Self Report (F2F)" d2l_2p0:page="1" ident="SECT_9807691"><sectionproc_extension><d2l_2p0:display_section_name>no</d2l_2p0:display_section_name><d2l_2p0:display_section_line>no</d2l_2p0:display_section_line><d2l_2p0:type_display_section>0</d2l_2p0:type_display_section></sectionproc_extension><itemref linkrefid="QUES_1500443_1699528" d2l_2p0:page="1"><d2l_2p0:file href="questiondb.xml" /><d2l_2p0:points>2.000000000</d2l_2p0:points><d2l_2p0:difficulty>1</d2l_2p0:difficulty><d2l_2p0:isbonus>no</d2l_2p0:isbonus><d2l_2p0:ismandatory>no</d2l_2p0:ismandatory></itemref><itemref linkrefid="QUES_1500444_1699529" d2l_2p0:page="1"><d2l_2p0:file href="questiondb.xml" /><d2l_2p0:points>2.000000000</d2l_2p0:points><d2l_2p0:difficulty>1</d2l_2p0:difficulty><d2l_2p0:isbonus>no</d2l_2p0:isbonus><d2l_2p0:ismandatory>no</d2l_2p0:ismandatory></itemref><itemref linkrefid="QUES_1500445_1699530" d2l_2p0:page="1"><d2l_2p0:file href="questiondb.xml" /><d2l_2p0:points>1.000000000</d2l_2p0:points><d2l_2p0:difficulty>1</d2l_2p0:difficulty><d2l_2p0:isbonus>no</d2l_2p0:isbonus><d2l_2p0:ismandatory>no</d2l_2p0:ismandatory></itemref></section><section title="Group Questions" d2l_2p0:page="1" ident="SECT_9807695"><sectionproc_extension><d2l_2p0:display_section_name>no</d2l_2p0:display_section_name><d2l_2p0:display_section_line>no</d2l_2p0:display_section_line><d2l_2p0:type_display_section>0</d2l_2p0:type_display_section></sectionproc_extension><itemref linkrefid="QUES_1500601_1699686" d2l_2p0:page="1"><d2l_2p0:file href="questiondb.xml" /><d2l_2p0:points>0.000000000</d2l_2p0:points><d2l_2p0:difficulty>0</d2l_2p0:difficulty><d2l_2p0:isbonus>no</d2l_2p0:isbonus><d2l_2p0:ismandatory>no</d2l_2p0:ismandatory></itemref><itemref linkrefid="QUES_1500602_1699687" d2l_2p0:page="1"><d2l_2p0:file href="questiondb.xml" /><d2l_2p0:points>1.000000000</d2l_2p0:points><d2l_2p0:difficulty>1</d2l_2p0:difficulty><d2l_2p0:isbonus>no</d2l_2p0:isbonus><d2l_2p0:ismandatory>no</d2l_2p0:ismandatory></itemref><itemref linkrefid="QUES_1500603_1699688" d2l_2p0:page="1"><d2l_2p0:file href="questiondb.xml" /><d2l_2p0:points>1.000000000</d2l_2p0:points><d2l_2p0:difficulty>1</d2l_2p0:difficulty><d2l_2p0:isbonus>no</d2l_2p0:isbonus><d2l_2p0:ismandatory>no</d2l_2p0:ismandatory></itemref><itemref linkrefid="QUES_1500604_1699689" d2l_2p0:page="1"><d2l_2p0:file href="questiondb.xml" /><d2l_2p0:points>1.000000000</d2l_2p0:points><d2l_2p0:difficulty>1</d2l_2p0:difficulty><d2l_2p0:isbonus>no</d2l_2p0:isbonus><d2l_2p0:ismandatory>no</d2l_2p0:ismandatory></itemref><itemref linkrefid="QUES_1500605_1699690" d2l_2p0:page="1"><d2l_2p0:file href="questiondb.xml" /><d2l_2p0:points>0.000000000</d2l_2p0:points><d2l_2p0:difficulty>0</d2l_2p0:difficulty><d2l_2p0:isbonus>no</d2l_2p0:isbonus><d2l_2p0:ismandatory>no</d2l_2p0:ismandatory></itemref><itemref linkrefid="QUES_1500606_1699691" d2l_2p0:page="1"><d2l_2p0:file href="questiondb.xml" /><d2l_2p0:points>1.000000000</d2l_2p0:points><d2l_2p0:difficulty>1</d2l_2p0:difficulty><d2l_2p0:isbonus>no</d2l_2p0:isbonus><d2l_2p0:ismandatory>no</d2l_2p0:ismandatory></itemref><itemref linkrefid="QUES_1500607_1699692" d2l_2p0:page="1"><d2l_2p0:file href="questiondb.xml" /><d2l_2p0:points>1.000000000</d2l_2p0:points><d2l_2p0:difficulty>1</d2l_2p0:difficulty><d2l_2p0:isbonus>no</d2l_2p0:isbonus><d2l_2p0:ismandatory>no</d2l_2p0:ismandatory></itemref><itemref linkrefid="QUES_1500608_1699693" d2l_2p0:page="1"><d2l_2p0:file href="questiondb.xml" /><d2l_2p0:points>1.000000000</d2l_2p0:points><d2l_2p0:difficulty>1</d2l_2p0:difficulty><d2l_2p0:isbonus>no</d2l_2p0:isbonus><d2l_2p0:ismandatory>no</d2l_2p0:ismandatory></itemref><itemref linkrefid="QUES_1500609_1699694" d2l_2p0:page="1"><d2l_2p0:file href="questiondb.xml" /><d2l_2p0:points>1.000000000</d2l_2p0:points><d2l_2p0:difficulty>1</d2l_2p0:difficulty><d2l_2p0:isbonus>no</d2l_2p0:isbonus><d2l_2p0:ismandatory>no</d2l_2p0:ismandatory></itemref><itemref linkrefid="QUES_1500610_1699695" d2l_2p0:page="1"><d2l_2p0:file href="questiondb.xml" /><d2l_2p0:points>0.000000000</d2l_2p0:points><d2l_2p0:difficulty>0</d2l_2p0:difficulty><d2l_2p0:isbonus>no</d2l_2p0:isbonus><d2l_2p0:ismandatory>no</d2l_2p0:ismandatory></itemref><itemref linkrefid="QUES_1500611_1699696" d2l_2p0:page="1"><d2l_2p0:file href="questiondb.xml" /><d2l_2p0:points>1.000000000</d2l_2p0:points><d2l_2p0:difficulty>1</d2l_2p0:difficulty><d2l_2p0:isbonus>no</d2l_2p0:isbonus><d2l_2p0:ismandatory>no</d2l_2p0:ismandatory></itemref><itemref linkrefid="QUES_1500612_1699697" d2l_2p0:page="1"><d2l_2p0:file href="questiondb.xml" /><d2l_2p0:points>1.000000000</d2l_2p0:points><d2l_2p0:difficulty>1</d2l_2p0:difficulty><d2l_2p0:isbonus>no</d2l_2p0:isbonus><d2l_2p0:ismandatory>no</d2l_2p0:ismandatory></itemref><itemref linkrefid="QUES_1500613_1699698" d2l_2p0:page="1"><d2l_2p0:file href="questiondb.xml" /><d2l_2p0:points>1.000000000</d2l_2p0:points><d2l_2p0:difficulty>1</d2l_2p0:difficulty><d2l_2p0:isbonus>no</d2l_2p0:isbonus><d2l_2p0:ismandatory>no</d2l_2p0:ismandatory></itemref><itemref linkrefid="QUES_1500614_1699699" d2l_2p0:page="1"><d2l_2p0:file href="questiondb.xml" /><d2l_2p0:points>1.000000000</d2l_2p0:points><d2l_2p0:difficulty>1</d2l_2p0:difficulty><d2l_2p0:isbonus>no</d2l_2p0:isbonus><d2l_2p0:ismandatory>no</d2l_2p0:ismandatory></itemref><itemref linkrefid="QUES_1500615_1699700" d2l_2p0:page="1"><d2l_2p0:file href="questiondb.xml" /><d2l_2p0:points>1.000000000</d2l_2p0:points><d2l_2p0:difficulty>1</d2l_2p0:difficulty><d2l_2p0:isbonus>no</d2l_2p0:isbonus><d2l_2p0:ismandatory>no</d2l_2p0:ismandatory></itemref><itemref linkrefid="QUES_1500616_1699701" d2l_2p0:page="1"><d2l_2p0:file href="questiondb.xml" /><d2l_2p0:points>1.000000000</d2l_2p0:points><d2l_2p0:difficulty>1</d2l_2p0:difficulty><d2l_2p0:isbonus>no</d2l_2p0:isbonus><d2l_2p0:ismandatory>no</d2l_2p0:ismandatory></itemref></section></section></assessment></questestinterop>