﻿<?xml version="1.0" encoding="UTF-8"?><questestinterop xmlns:d2l_2p0="http://desire2learn.com/xsd/d2lcp_v2p0"><assessment d2l_2p0:id="1442" title="Knowledge Survey: End of Semester" ident="res_quiz_494083" d2l_2p0:resource_code="qrc-quiz_ks_02"><rubric><flow_mat><material><mattext d2l_2p0:isdisplayed="no" texttype="text/html" /></material></flow_mat></rubric><assessmentcontrol hintswitch="no" solutionswitch="yes" feedbackswitch="no" /><presentation_material><flow_mat><material label="page header"><mattext d2l_2p0:isdisplayed="no" texttype="text/html" /></material><material label="page footer"><mattext d2l_2p0:isdisplayed="no" texttype="text/html" /></material></flow_mat></presentation_material><assess_procextension><d2l_2p0:intro_message d2l_2p0:isdisplayed="yes" texttype="text/html">&lt;p&gt;&lt;img alt='Course Banner' src='./Web_Files/Images/smallBanner.jpg' width='100%'/&gt;&lt;/p&gt;&lt;p style="text-align: center; margin: 0px;"&gt;&lt;span style="font-family: Minion Pro, News Gothic, Times New Roman, Arial; font-size: 2em; color: #000000;"&gt; Knowledge Survey - End of Semester&lt;br /&gt;&lt;/span&gt;&lt;/p&gt;&lt;p style="margin: 0px;"&gt;&lt;span style="font-family: Minion Pro, News Gothic, Times New Roman, Arial; font-size: 1.6em;"&gt; Instructions &lt;/span&gt;&lt;/p&gt;&lt;div style="font-size: 1em; font-family: tahoma, arial, helvetica, sans-serif;"&gt;&lt;p&gt;The knowledge survey serves several purposes: 1) show you the outcomes that you are expected to understand this semester, 2) evaluate your understanding of the outcomes, and 3) help us evaluate how we are teaching the outcomes.&amp;nbsp; Please note the following:&lt;/p&gt;&lt;ul&gt;&lt;li&gt;You will get homework points for completing the survey.&lt;/li&gt;&lt;li&gt;You will NOT be graded based upon the responses you provide &lt;i&gt;within&lt;/i&gt; the survey.&lt;/li&gt;&lt;li&gt;Responses are provided to your instructor anonymously and in aggregate (grouped) form.&lt;/li&gt;&lt;li&gt;The survey should take fewer than 15 minutes to complete.&lt;/li&gt;&lt;li&gt;You have &lt;i&gt;one attempt&lt;/i&gt; only to complete this activity.&lt;/li&gt;&lt;/ul&gt;&lt;/div&gt;&lt;p style="margin: 0px;"&gt;&lt;span style="font-family: Minion Pro, News Gothic, Times New Roman, Arial; font-size: 1.6em;"&gt; Deadline &lt;/span&gt;&lt;/p&gt;&lt;div style="font-size: 1em; font-family: tahoma, arial, helvetica, sans-serif;"&gt;&lt;ul&gt;&lt;li&gt;Complete the survey by the end of the quiz period indicated above (on this page).&lt;/li&gt;&lt;/ul&gt;&lt;/div&gt;</d2l_2p0:intro_message><category ident="93876" d2l_2p0:sortorder="1">Surveys</category><grade_item d2l_2p0:is_autoexport="yes" resource_code="grc-quiz_ks_02">1151964</grade_item><d2l_2p0:disable_right_click>no</d2l_2p0:disable_right_click><d2l_2p0:disable_pager_access>no</d2l_2p0:disable_pager_access><is_active>yes</is_active><d2l_2p0:date_start><d2l_2p0:timestamp><d2l_2p0:month>3</d2l_2p0:month><d2l_2p0:day>29</d2l_2p0:day><d2l_2p0:year>2017</d2l_2p0:year><d2l_2p0:hour>0</d2l_2p0:hour><d2l_2p0:minutes>0</d2l_2p0:minutes><d2l_2p0:seconds>0</d2l_2p0:seconds></d2l_2p0:timestamp></d2l_2p0:date_start><d2l_2p0:date_end><d2l_2p0:timestamp><d2l_2p0:month>4</d2l_2p0:month><d2l_2p0:day>5</d2l_2p0:day><d2l_2p0:year>2017</d2l_2p0:year><d2l_2p0:hour>23</d2l_2p0:hour><d2l_2p0:minutes>55</d2l_2p0:minutes><d2l_2p0:seconds>0</d2l_2p0:seconds></d2l_2p0:timestamp></d2l_2p0:date_end><d2l_2p0:has_schedule_event>yes</d2l_2p0:has_schedule_event><d2l_2p0:is_attempt_Rldb>no</d2l_2p0:is_attempt_Rldb><d2l_2p0:is_subview_Rldb>no</d2l_2p0:is_subview_Rldb><d2l_2p0:time_limit>20</d2l_2p0:time_limit><d2l_2p0:show_clock>no</d2l_2p0:show_clock><d2l_2p0:enforce_time_limit>no</d2l_2p0:enforce_time_limit><d2l_2p0:grace_period>5</d2l_2p0:grace_period><d2l_2p0:late_limit>0</d2l_2p0:late_limit><d2l_2p0:attempts_allowed>1</d2l_2p0:attempts_allowed><d2l_2p0:attempt_restrictions /><d2l_2p0:mark_calculation_type>1</d2l_2p0:mark_calculation_type><d2l_2p0:is_forward_only>no</d2l_2p0:is_forward_only></assess_procextension><assessfeedback title=""><rubric><flow_mat><material><mattext texttype="yes">&lt;p&gt;Your quiz has been submitted successfully.&lt;/p&gt;</mattext></material></flow_mat></rubric><d2l_2p0:duration>0</d2l_2p0:duration><d2l_2p0:response_display_type_id>1</d2l_2p0:response_display_type_id><d2l_2p0:show_correct_answers>no</d2l_2p0:show_correct_answers><d2l_2p0:submission_restrictip>no</d2l_2p0:submission_restrictip><d2l_2p0:show_class_average>no</d2l_2p0:show_class_average><d2l_2p0:show_score_distribution>no</d2l_2p0:show_score_distribution></assessfeedback><section ident="CONTAINER_SECTION"><section title="Knowledge" d2l_2p0:page="1" ident="SECT_9808682"><sectionproc_extension><d2l_2p0:display_section_name>no</d2l_2p0:display_section_name><d2l_2p0:display_section_line>no</d2l_2p0:display_section_line><d2l_2p0:type_display_section>0</d2l_2p0:type_display_section></sectionproc_extension><itemref linkrefid="QUES_1501272_1700357" d2l_2p0:page="1"><d2l_2p0:file href="questiondb.xml" /><d2l_2p0:points>1.000000000</d2l_2p0:points><d2l_2p0:difficulty>1</d2l_2p0:difficulty><d2l_2p0:isbonus>no</d2l_2p0:isbonus><d2l_2p0:ismandatory>no</d2l_2p0:ismandatory></itemref></section></section></assessment></questestinterop>