﻿<?xml version="1.0" encoding="UTF-8"?><questestinterop xmlns:d2l_2p0="http://desire2learn.com/xsd/d2lcp_v2p0"><assessment d2l_2p0:id="1505" title="Mid-Semester Course Survey" ident="res_survey_494084" d2l_2p0:resource_code="src-mid_sem_survey"><rubric><flow_mat><material><mattext d2l_2p0:isdisplayed="no" texttype="text/html">&lt;p&gt;Complete this anytime during the week.&lt;p&gt;</mattext></material></flow_mat></rubric><assessmentcontrol hintswitch="no" solutionswitch="no" feedbackswitch="no" /><presentation_material><flow_mat><material label="page footer"><mattext d2l_2p0:isdisplayed="no" texttype="text/html" /></material></flow_mat></presentation_material><assess_procextension><d2l_2p0:submission_message texttype="text/html">&lt;p&gt;Thank you for submitting your survey.&lt;/p&gt;</d2l_2p0:submission_message><d2l_2p0:anonymous>yes</d2l_2p0:anonymous><d2l_2p0:instant_feedback>no</d2l_2p0:instant_feedback><is_active>yes</is_active><d2l_2p0:date_start /><d2l_2p0:date_end><d2l_2p0:timestamp><d2l_2p0:month>2</d2l_2p0:month><d2l_2p0:day>25</d2l_2p0:day><d2l_2p0:year>2017</d2l_2p0:year><d2l_2p0:hour>23</d2l_2p0:hour><d2l_2p0:minutes>55</d2l_2p0:minutes><d2l_2p0:seconds>0</d2l_2p0:seconds></d2l_2p0:timestamp></d2l_2p0:date_end><d2l_2p0:has_schedule_event>no</d2l_2p0:has_schedule_event><d2l_2p0:attempts_allowed>editable</d2l_2p0:attempts_allowed><d2l_2p0:is_forward_only>no</d2l_2p0:is_forward_only></assess_procextension><section ident="CONTAINER_SECTION"><section title="Campus Mid Semester" d2l_2p0:page="1" ident="SECT_9808684"><sectionproc_extension><d2l_2p0:display_section_name>no</d2l_2p0:display_section_name><d2l_2p0:display_section_line>no</d2l_2p0:display_section_line><d2l_2p0:type_display_section>0</d2l_2p0:type_display_section></sectionproc_extension><itemref linkrefid="QUES_1501275_1700360"><d2l_2p0:file href="questiondb.xml" /><d2l_2p0:ismandatory>no</d2l_2p0:ismandatory></itemref><itemref linkrefid="QUES_1501276_1700361"><d2l_2p0:file href="questiondb.xml" /><d2l_2p0:ismandatory>no</d2l_2p0:ismandatory></itemref><itemref linkrefid="QUES_1501277_1700362"><d2l_2p0:file href="questiondb.xml" /><d2l_2p0:ismandatory>no</d2l_2p0:ismandatory></itemref><itemref linkrefid="QUES_1501278_1700363"><d2l_2p0:file href="questiondb.xml" /><d2l_2p0:ismandatory>no</d2l_2p0:ismandatory></itemref><itemref linkrefid="QUES_1501279_1700364"><d2l_2p0:file href="questiondb.xml" /><d2l_2p0:ismandatory>no</d2l_2p0:ismandatory></itemref><itemref linkrefid="QUES_1501280_1700365"><d2l_2p0:file href="questiondb.xml" /><d2l_2p0:ismandatory>no</d2l_2p0:ismandatory></itemref><itemref linkrefid="QUES_1501281_1700366"><d2l_2p0:file href="questiondb.xml" /><d2l_2p0:ismandatory>no</d2l_2p0:ismandatory></itemref><itemref linkrefid="QUES_1501282_1700367"><d2l_2p0:file href="questiondb.xml" /><d2l_2p0:ismandatory>no</d2l_2p0:ismandatory></itemref><itemref linkrefid="QUES_1501283_1700368"><d2l_2p0:file href="questiondb.xml" /><d2l_2p0:ismandatory>no</d2l_2p0:ismandatory></itemref><itemref linkrefid="QUES_1501284_1700369"><d2l_2p0:file href="questiondb.xml" /><d2l_2p0:ismandatory>no</d2l_2p0:ismandatory></itemref><itemref linkrefid="QUES_1501285_1700370"><d2l_2p0:file href="questiondb.xml" /><d2l_2p0:ismandatory>no</d2l_2p0:ismandatory></itemref><itemref linkrefid="QUES_1501286_1700371"><d2l_2p0:file href="questiondb.xml" /><d2l_2p0:ismandatory>no</d2l_2p0:ismandatory></itemref><itemref linkrefid="QUES_1501287_1700372"><d2l_2p0:file href="questiondb.xml" /><d2l_2p0:ismandatory>no</d2l_2p0:ismandatory></itemref><itemref linkrefid="QUES_1501288_1700373"><d2l_2p0:file href="questiondb.xml" /><d2l_2p0:ismandatory>no</d2l_2p0:ismandatory></itemref><itemref linkrefid="QUES_1501289_1700374"><d2l_2p0:file href="questiondb.xml" /><d2l_2p0:ismandatory>no</d2l_2p0:ismandatory></itemref><itemref linkrefid="QUES_1501290_1700375"><d2l_2p0:file href="questiondb.xml" /><d2l_2p0:ismandatory>no</d2l_2p0:ismandatory></itemref><itemref linkrefid="QUES_1501291_1700376"><d2l_2p0:file href="questiondb.xml" /><d2l_2p0:ismandatory>no</d2l_2p0:ismandatory></itemref><itemref linkrefid="QUES_1501292_1700377"><d2l_2p0:file href="questiondb.xml" /><d2l_2p0:ismandatory>no</d2l_2p0:ismandatory></itemref></section></section></assessment></questestinterop>